vehicle_id,trip_id,state,drive_seconds_lazy,leg_seconds_total,vehicle_id_precise,trip_id_precise,state_precise,drive_seconds_precise,leg_seconds_total_precise,difference_sec,pct_diff
Phoenix,to_Minneapolis,US:Arizona,16047,90847,,,,0,,-16047,
New,York_to_Atlanta,US:Virginia,13541,53432,,,,0,,-13541,
Los,Angeles_to_Washington,US:Ohio,11775,140641,,,,0,,-11775,
Denver,to_Baltimore,US:Ohio,11895,92438,,,,0,,-11895,
Phoenix,to_Baltimore,US:Ohio,11894,123014,,,,0,,-11894,
Detroit,to_Baltimore,US:Ohio,10531,28618,,,,0,,-10531,
Seattle,to_Baltimore,US:Ohio,11196,152696,,,,0,,-11196,
Minneapolis,to_Baltimore,US:Ohio,11302,60746,,,,0,,-11302,
Chicago,to_Baltimore,US:Ohio,12988,39401,,,,0,,-12988,
Miami,to_Detroit,US:West Virginia,12761,75361,,,,0,,-12761,
San,Francisco_to_Orlando,US:New Mexico,15478,154062,,,,0,,-15478,
Orlando,to_Baltimore,US:Florida,8496,49132,,,,0,,-8496,
Miami,to_Baltimore,US:Florida,19284,59855,,,,0,,-19284,
Seattle,to_Baltimore,US:Nebraska,21401,152696,,,,0,,-21401,
Denver,to_Baltimore,US:Nebraska,19185,92438,,,,0,,-19185,
New,York_to_Miami,US:Virginia,10311,75617,,,,0,,-10311,
New,York_to_San_Diego,US:Ohio,14925,154875,,,,0,,-14925,
San,Diego_to_Baltimore,US:West Virginia,2777,144492,,,,0,,-2777,
San,Francisco_to_Seattle,US:Washington,9530,51024,,,,0,,-9530,
Houston,to_Boston,US:Mississippi,9955,102689,,,,0,,-9955,
Miami,to_Detroit,US:North Carolina,5288,75361,,,,0,,-5288,
San,Francisco_to_Austin,US:California,33618,99768,,,,0,,-33618,
San,Francisco_to_Baltimore,US:Pennsylvania,11505,156314,,,,0,,-11505,
San,Francisco_to_San_Antonio,US:California,33618,98020,,,,0,,-33618,
Los,Angeles_to_Miami,US:Arizona,17144,148243,,,,0,,-17144,
New,York_to_Seattle,US:Indiana,9091,160950,,,,0,,-9091,
Washington,to_Atlanta,US:South Carolina,7733,35845,,,,0,,-7733,
Philadelphia,to_Atlanta,US:South Carolina,7733,45202,,,,0,,-7733,
Atlanta,to_Denver,US:Illinois,9591,74779,,,,0,,-9591,
Boston,to_Denver,US:Illinois,9018,107174,,,,0,,-9018,
Detroit,to_Denver,US:Illinois,8993,67864,,,,0,,-8993,
Washington,to_Denver,US:Illinois,9165,92977,,,,0,,-9165,
Miami,to_Denver,US:Illinois,9329,109435,,,,0,,-9329,
Philadelphia,to_Denver,US:Illinois,9505,96418,,,,0,,-9505,
Chicago,to_Denver,US:Illinois,10465,54510,,,,0,,-10465,
Seattle,to_Orlando,US:Nebraska,21649,164664,,,,0,,-21649,
Phoenix,to_San_Antonio,US:Arizona,14985,50650,,,,0,,-14985,
Seattle,to_San_Antonio,US:Arizona,5713,119604,,,,0,,-5713,
San,Francisco_to_Charlotte,US:North Carolina,317,147305,,,,0,,-317,
San,Francisco_to_Baltimore,US:Nevada,24414,156314,,,,0,,-24414,
Los,Angeles_to_Baltimore,US:West Virginia,2777,140506,,,,0,,-2777,
Seattle,to_Minneapolis,US:North Dakota,22682,87458,,,,0,,-22682,
Detroit,to_San_Antonio,US:Michigan,3220,77644,,,,0,,-3220,
Detroit,to_Baltimore,US:Michigan,3202,28618,,,,0,,-3202,
Atlanta,to_San_Francisco,US:Georgia,4026,136515,,,,0,,-4026,
New,York_to_San_Francisco,US:Ohio,12862,164699,,,,0,,-12862,
Miami,to_Denver,US:Tennessee,11520,109435,,,,0,,-11520,
Atlanta,to_Denver,US:Tennessee,11520,74779,,,,0,,-11520,
Minneapolis,to_Baltimore,US:Maryland,5565,60746,,,,0,,-5565,
Seattle,to_Baltimore,US:Maryland,5565,152696,,,,0,,-5565,
Phoenix,to_Baltimore,US:Maryland,8929,123014,,,,0,,-8929,
Miami,to_Baltimore,US:Maryland,2526,59855,,,,0,,-2526,
Charlotte,to_Baltimore,US:Maryland,2526,25323,,,,0,,-2526,
Boston,to_Baltimore,US:Maryland,3647,25436,,,,0,,-3647,
Orlando,to_Baltimore,US:Maryland,2526,49132,,,,0,,-2526,
Detroit,to_Baltimore,US:Maryland,5565,28618,,,,0,,-5565,
Dallas,to_Baltimore,US:Maryland,2526,74016,,,,0,,-2526,
Philadelphia,to_Baltimore,US:Maryland,3502,6453,,,,0,,-3502,
Denver,to_Baltimore,US:Maryland,5565,92438,,,,0,,-5565,
Washington,to_Baltimore,US:Maryland,2218,3051,,,,0,,-2218,
Atlanta,to_Baltimore,US:Maryland,2526,38865,,,,0,,-2526,
Chicago,to_Baltimore,US:Maryland,5575,39401,,,,0,,-5575,
Houston,to_Baltimore,US:Maryland,2526,78533,,,,0,,-2526,
Los,Angeles_to_Washington,US:Texas,11723,140641,,,,0,,-11723,
Los,Angeles_to_San_Antonio,US:Arizona,20779,71424,,,,0,,-20779,
New,York_to_San_Diego,US:Arizona,25908,154875,,,,0,,-25908,
Detroit,to_Austin,US:Ohio,5476,73481,,,,0,,-5476,
Dallas,to_Boston,US:Massachusetts,4113,97906,,,,0,,-4113,
Philadelphia,to_Boston,US:Massachusetts,4237,19871,,,,0,,-4237,
Chicago,to_Boston,US:Massachusetts,3520,55295,,,,0,,-3520,
Atlanta,to_Boston,US:Massachusetts,4039,63022,,,,0,,-4039,
Phoenix,to_Boston,US:Massachusetts,3615,141677,,,,0,,-3615,
Miami,to_Boston,US:Massachusetts,3520,84467,,,,0,,-3520,
Houston,to_Boston,US:Massachusetts,4367,102689,,,,0,,-4367,
Washington,to_Boston,US:Massachusetts,4313,27923,,,,0,,-4313,
Seattle,to_San_Antonio,US:Colorado,6271,119604,,,,0,,-6271,
Denver,to_San_Antonio,US:Colorado,10908,50184,,,,0,,-10908,
Boston,to_Denver,US:Massachusetts,3409,107174,,,,0,,-3409,
Los,Angeles_to_Detroit,US:Illinois,8589,122653,,,,0,,-8589,
Houston,to_Boston,US:Louisiana,11813,102689,,,,0,,-11813,
Philadelphia,to_San_Francisco,US:Iowa,16875,160337,,,,0,,-16875,
Chicago,to_San_Francisco,US:Iowa,15649,117212,,,,0,,-15649,
Boston,to_San_Francisco,US:Iowa,15649,170182,,,,0,,-15649,
Minneapolis,to_Baltimore,US:Wisconsin,15829,60746,,,,0,,-15829,
Los,Angeles_to_Miami,US:New Mexico,17537,148243,,,,0,,-17537,
New,York_to_Minneapolis,US:Illinois,5061,68991,,,,0,,-5061,
Washington,to_Philadelphia,US:Delaware,1273,8928,,,,0,,-1273,
Miami,to_Philadelphia,US:Delaware,1273,65722,,,,0,,-1273,
Dallas,to_Philadelphia,US:Delaware,1273,79714,,,,0,,-1273,
New,York_to_San_Diego,US:New Mexico,19558,154875,,,,0,,-19558,
Phoenix,to_Denver,US:Arizona,20157,45846,,,,0,,-20157,
San,Francisco_to_Baltimore,US:Nebraska,24016,156314,,,,0,,-24016,
Philadelphia,to_Detroit,US:Pennsylvania,19730,32215,,,,0,,-19730,
Washington,to_Detroit,US:Pennsylvania,11026,29666,,,,0,,-11026,
Boston,to_Detroit,US:Pennsylvania,16693,45100,,,,0,,-16693,
Denver,to_Orlando,US:Missouri,13822,97940,,,,0,,-13822,
Seattle,to_Orlando,US:Missouri,20637,164664,,,,0,,-20637,
Boston,to_San_Diego,US:Connecticut,6005,161486,,,,0,,-6005,
New,York_to_Seattle,US:Wyoming,27731,160950,,,,0,,-27731,
Philadelphia,to_San_Francisco,US:Pennsylvania,20146,160337,,,,0,,-20146,
Boston,to_San_Francisco,US:Pennsylvania,21137,170182,,,,0,,-21137,
Seattle,to_Austin,US:Idaho,11682,121352,,,,0,,-11682,
New,York_to_Seattle,US:Oregon,11322,160950,,,,0,,-11322,
New,York_to_Philadelphia,US:New Jersey,5275,10852,,,,0,,-5275,
New,York_to_Seattle,US:Idaho,15959,160950,,,,0,,-15959,
Los,Angeles_to_Detroit,US:Texas,11285,122653,,,,0,,-11285,
Boston,to_Minneapolis,US:Minnesota,1909,76672,,,,0,,-1909,
Phoenix,to_Minneapolis,US:Minnesota,5151,90847,,,,0,,-5151,
Miami,to_Minneapolis,US:Minnesota,1909,95707,,,,0,,-1909,
Houston,to_Minneapolis,US:Minnesota,5812,66023,,,,0,,-5812,
Dallas,to_Minneapolis,US:Minnesota,5793,53412,,,,0,,-5793,
Washington,to_Minneapolis,US:Minnesota,2213,61229,,,,0,,-2213,
Philadelphia,to_Minneapolis,US:Minnesota,2213,63966,,,,0,,-2213,
Detroit,to_Minneapolis,US:Minnesota,2213,38173,,,,0,,-2213,
Seattle,to_Minneapolis,US:Minnesota,7017,87458,,,,0,,-7017,
Chicago,to_Minneapolis,US:Minnesota,764,22904,,,,0,,-764,
Atlanta,to_Minneapolis,US:Minnesota,764,60687,,,,0,,-764,
Washington,to_Boston,US:Delaware,1022,27923,,,,0,,-1022,
Miami,to_Boston,US:Delaware,1022,84467,,,,0,,-1022,
Chicago,to_Houston,US:Illinois,20159,60100,,,,0,,-20159,
Seattle,to_Denver,US:Idaho,16023,71538,,,,0,,-16023,
New,York_to_San_Diego,US:Indiana,8753,154875,,,,0,,-8753,
Philadelphia,to_Orlando,US:Florida,8577,55025,,,,0,,-8577,
Denver,to_Orlando,US:Florida,11341,97940,,,,0,,-11341,
Atlanta,to_Orlando,US:Florida,11082,24087,,,,0,,-11082,
Dallas,to_Orlando,US:Florida,25898,60019,,,,0,,-25898,
Boston,to_Orlando,US:Florida,8577,73656,,,,0,,-8577,
Miami,to_Orlando,US:Florida,12722,12722,,,,0,,-12722,
Seattle,to_Orlando,US:Florida,9793,164664,,,,0,,-9793,
Houston,to_Orlando,US:Florida,24610,52397,,,,0,,-24610,
Phoenix,to_Orlando,US:Florida,24238,118404,,,,0,,-24238,
Detroit,to_Orlando,US:Florida,9540,64496,,,,0,,-9540,
Minneapolis,to_Orlando,US:Florida,11478,83467,,,,0,,-11478,
Washington,to_Orlando,US:Florida,8577,46557,,,,0,,-8577,
Chicago,to_Orlando,US:Florida,11486,64243,,,,0,,-11486,
Atlanta,to_San_Diego,US:Mississippi,7285,119947,,,,0,,-7285,
Miami,to_San_Diego,US:Mississippi,12673,147792,,,,0,,-12673,
Philadelphia,to_San_Diego,US:West Virginia,220,147030,,,,0,,-220,
Denver,to_Baltimore,US:Colorado,9244,92438,,,,0,,-9244,
Miami,to_Atlanta,US:Florida,22991,36083,,,,0,,-22991,
Philadelphia,to_San_Diego,US:Ohio,12697,147030,,,,0,,-12697,
Detroit,to_San_Diego,US:Ohio,5476,125902,,,,0,,-5476,
Boston,to_San_Diego,US:Ohio,15011,161486,,,,0,,-15011,
New,York_to_Austin,US:New Jersey,5719,97872,,,,0,,-5719,
Boston,to_San_Diego,US:Illinois,8503,161486,,,,0,,-8503,
Detroit,to_San_Diego,US:Illinois,8441,125902,,,,0,,-8441,
Philadelphia,to_San_Diego,US:Illinois,8472,147030,,,,0,,-8472,
Chicago,to_San_Diego,US:Illinois,16786,113043,,,,0,,-16786,
New,York_to_Baltimore,US:New Jersey,8640,16445,,,,0,,-8640,
Boston,to_San_Antonio,US:Louisiana,14646,112041,,,,0,,-14646,
Washington,to_San_Antonio,US:Louisiana,11900,86643,,,,0,,-11900,
Baltimore,to_San_Antonio,US:Louisiana,11900,88244,,,,0,,-11900,
Charlotte,to_San_Antonio,US:Louisiana,11926,66485,,,,0,,-11926,
Atlanta,to_San_Antonio,US:Louisiana,12938,53002,,,,0,,-12938,
Orlando,to_San_Antonio,US:Louisiana,13279,62520,,,,0,,-13279,
Miami,to_San_Antonio,US:Louisiana,13114,73883,,,,0,,-13114,
Philadelphia,to_San_Antonio,US:Louisiana,14646,94853,,,,0,,-14646,
Los,Angeles_to_Seattle,US:California,44810,73197,,,,0,,-44810,
San,Francisco_to_Detroit,US:Utah,10611,132354,,,,0,,-10611,
New,York_to_Phoenix,US:Indiana,8753,134478,,,,0,,-8753,
Denver,to_Charlotte,US:Colorado,9726,84603,,,,0,,-9726,
Phoenix,to_Charlotte,US:Louisiana,11159,114377,,,,0,,-11159,
Houston,to_Charlotte,US:Louisiana,12686,56272,,,,0,,-12686,
Dallas,to_Charlotte,US:Louisiana,10631,55727,,,,0,,-10631,
Minneapolis,to_Charlotte,US:Minnesota,865,65677,,,,0,,-865,
Boston,to_Denver,US:Connecticut,5966,107174,,,,0,,-5966,
San,Diego_to_Orlando,US:Alabama,3146,136630,,,,0,,-3146,
Los,Angeles_to_San_Antonio,US:Texas,32167,71424,,,,0,,-32167,
Los,Angeles_to_Detroit,US:Michigan,2583,122653,,,,0,,-2583,
Los,Angeles_to_Minneapolis,US:Nevada,6840,100404,,,,0,,-6840,
Los,Angeles_to_Philadelphia,US:California,15130,144123,,,,0,,-15130,
San,Diego_to_Austin,US:New Mexico,3392,70175,,,,0,,-3392,
San,Diego_to_Charlotte,US:Georgia,7866,132415,,,,0,,-7866,
San,Francisco_to_Baltimore,US:Wyoming,19727,156314,,,,0,,-19727,
New,York_to_Austin,US:Virginia,15638,97872,,,,0,,-15638,
New,York_to_Charlotte,US:Virginia,13541,39917,,,,0,,-13541,
New,York_to_Los_Angeles,US:Illinois,8472,151672,,,,0,,-8472,
San,Diego_to_Charlotte,US:South Carolina,4543,132415,,,,0,,-4543,
Seattle,to_Baltimore,US:Iowa,16105,152696,,,,0,,-16105,
Denver,to_Baltimore,US:Iowa,16103,92438,,,,0,,-16103,
Boston,to_Baltimore,US:New Jersey,7443,25436,,,,0,,-7443,
Los,Angeles_to_Denver,US:Utah,20457,53580,,,,0,,-20457,
Atlanta,to_Detroit,US:Michigan,3624,40156,,,,0,,-3624,
Washington,to_Detroit,US:Michigan,3193,29666,,,,0,,-3193,
Dallas,to_Detroit,US:Michigan,2594,63401,,,,0,,-2594,
Chicago,to_Detroit,US:Michigan,13865,16383,,,,0,,-13865,
Houston,to_Detroit,US:Michigan,2758,71912,,,,0,,-2758,
Philadelphia,to_Detroit,US:Michigan,3193,32215,,,,0,,-3193,
Phoenix,to_Detroit,US:Michigan,2583,105507,,,,0,,-2583,
Boston,to_Detroit,US:Michigan,3193,45100,,,,0,,-3193,
Miami,to_Detroit,US:Michigan,3193,75361,,,,0,,-3193,
Atlanta,to_Denver,US:Kansas,22061,74779,,,,0,,-22061,
Miami,to_Denver,US:Kansas,22061,109435,,,,0,,-22061,
Chicago,to_Miami,US:Tennessee,7724,76057,,,,0,,-7724,
New,York_to_Denver,US:Iowa,16111,101264,,,,0,,-16111,
Seattle,to_Denver,US:Wyoming,24554,71538,,,,0,,-24554,
San,Francisco_to_Charlotte,US:Texas,11208,147305,,,,0,,-11208,
Dallas,to_Denver,US:Texas,24631,43813,,,,0,,-24631,
Houston,to_Denver,US:Texas,37025,56238,,,,0,,-37025,
Washington,to_San_Diego,US:Virginia,20452,147365,,,,0,,-20452,
Washington,to_Orlando,US:District of Columbia,328,46557,,,,0,,-328,
Houston,to_Seattle,US:Colorado,6284,127558,,,,0,,-6284,
Dallas,to_Seattle,US:Colorado,6284,115253,,,,0,,-6284,
Miami,to_San_Francisco,US:Texas,35520,165206,,,,0,,-35520,
Atlanta,to_San_Francisco,US:Texas,35520,136515,,,,0,,-35520,
Dallas,to_San_Francisco,US:Texas,26568,94529,,,,0,,-26568,
Washington,to_San_Francisco,US:Texas,7613,161439,,,,0,,-7613,
Houston,to_San_Francisco,US:Texas,38176,106137,,,,0,,-38176,
Detroit,to_San_Diego,US:Arizona,25686,125902,,,,0,,-25686,
Minneapolis,to_San_Diego,US:Arizona,3169,102765,,,,0,,-3169,
Boston,to_San_Diego,US:Arizona,25686,161486,,,,0,,-25686,
Atlanta,to_San_Diego,US:Arizona,20912,119947,,,,0,,-20912,
Chicago,to_San_Diego,US:Arizona,25686,113043,,,,0,,-25686,
Philadelphia,to_San_Diego,US:Arizona,25940,147030,,,,0,,-25940,
Houston,to_San_Diego,US:Arizona,20988,85417,,,,0,,-20988,
Phoenix,to_San_Diego,US:Arizona,10066,21231,,,,0,,-10066,
Dallas,to_San_Diego,US:Arizona,20912,75365,,,,0,,-20912,
Washington,to_San_Diego,US:Arizona,19989,147365,,,,0,,-19989,
Miami,to_San_Diego,US:Arizona,20196,147792,,,,0,,-20196,
Dallas,to_Washington,US:Arkansas,13695,72360,,,,0,,-13695,
Dallas,to_Philadelphia,US:Tennessee,28792,79714,,,,0,,-28792,
Houston,to_Philadelphia,US:Tennessee,14473,85049,,,,0,,-14473,
Dallas,to_Washington,US:Tennessee,28849,72360,,,,0,,-28849,
Houston,to_Washington,US:Tennessee,14486,76878,,,,0,,-14486,
New,York_to_Dallas,US:New Jersey,5719,88024,,,,0,,-5719,
Dallas,to_Detroit,US:Ohio,6263,63401,,,,0,,-6263,
Washington,to_Detroit,US:Ohio,9420,29666,,,,0,,-9420,
Miami,to_Detroit,US:Ohio,12380,75361,,,,0,,-12380,
Atlanta,to_Detroit,US:Ohio,10871,40156,,,,0,,-10871,
Boston,to_Detroit,US:Ohio,8811,45100,,,,0,,-8811,
Philadelphia,to_Detroit,US:Ohio,9292,32215,,,,0,,-9292,
Phoenix,to_Detroit,US:Ohio,6263,105507,,,,0,,-6263,
Houston,to_Detroit,US:Ohio,6109,71912,,,,0,,-6109,
Washington,to_Boston,US:New York,2364,27923,,,,0,,-2364,
Miami,to_Boston,US:New York,2364,84467,,,,0,,-2364,
Houston,to_Boston,US:New York,2672,102689,,,,0,,-2672,
Dallas,to_Boston,US:New York,2672,97906,,,,0,,-2672,
Philadelphia,to_Boston,US:New York,2364,19871,,,,0,,-2364,
Phoenix,to_Boston,US:New York,2672,141677,,,,0,,-2672,
Atlanta,to_Boston,US:New York,2671,63022,,,,0,,-2671,
Chicago,to_Boston,US:New York,2671,55295,,,,0,,-2671,
Los,Angeles_to_Boston,US:Texas,11208,158854,,,,0,,-11208,
New,York_to_Houston,US:Texas,4502,92793,,,,0,,-4502,
Houston,to_Miami,US:Texas,7244,63581,,,,0,,-7244,
Dallas,to_Miami,US:Texas,9014,71747,,,,0,,-9014,
Dallas,to_Phoenix,US:Texas,27499,58407,,,,0,,-27499,
Philadelphia,to_Phoenix,US:Texas,7764,126633,,,,0,,-7764,
Atlanta,to_Phoenix,US:Texas,34104,101642,,,,0,,-34104,
Houston,to_Phoenix,US:Texas,37596,67349,,,,0,,-37596,
Washington,to_Phoenix,US:Texas,7613,123722,,,,0,,-7613,
Miami,to_Phoenix,US:Texas,36557,129487,,,,0,,-36557,
Chicago,to_Phoenix,US:Texas,11280,92857,,,,0,,-11280,
Miami,to_San_Diego,US:Florida,36187,147792,,,,0,,-36187,
Los,Angeles_to_Baltimore,US:Missouri,15441,140506,,,,0,,-15441,
Los,Angeles_to_Baltimore,US:California,15130,140506,,,,0,,-15130,
New,York_to_Atlanta,US:North Carolina,4937,53432,,,,0,,-4937,
Chicago,to_Atlanta,US:Kentucky,7191,40719,,,,0,,-7191,
Boston,to_Orlando,US:Delaware,1182,73656,,,,0,,-1182,
Philadelphia,to_Orlando,US:Delaware,1203,55025,,,,0,,-1203,
Seattle,to_Minneapolis,US:Montana,29848,87458,,,,0,,-29848,
Los,Angeles_to_Minneapolis,US:Iowa,14408,100404,,,,0,,-14408,
San,Francisco_to_Minneapolis,US:Wyoming,19635,109324,,,,0,,-19635,
Houston,to_Baltimore,US:Mississippi,9583,78533,,,,0,,-9583,
Atlanta,to_San_Francisco,US:Louisiana,9772,136515,,,,0,,-9772,
Miami,to_San_Francisco,US:Louisiana,9772,165206,,,,0,,-9772,
Chicago,to_Washington,US:Maryland,5320,39416,,,,0,,-5320,
New,York_to_Detroit,US:Pennsylvania,17293,37858,,,,0,,-17293,
New,York_to_Houston,US:Virginia,15638,92793,,,,0,,-15638,
New,York_to_Los_Angeles,US:Arizona,18224,151672,,,,0,,-18224,
Philadelphia,to_Phoenix,US:Ohio,12697,126633,,,,0,,-12697,
Washington,to_Phoenix,US:Ohio,12689,123722,,,,0,,-12689,
Orlando,to_Austin,US:Florida,24713,61329,,,,0,,-24713,
Miami,to_Austin,US:Florida,36171,72505,,,,0,,-36171,
Los,Angeles_to_Orlando,US:Mississippi,12513,136602,,,,0,,-12513,
San,Diego_to_Austin,US:Arizona,14620,70175,,,,0,,-14620,
Washington,to_Denver,US:Virginia,482,92977,,,,0,,-482,
San,Francisco_to_San_Diego,US:California,32362,32362,,,,0,,-32362,
Chicago,to_Charlotte,US:Ohio,9991,42002,,,,0,,-9991,
Detroit,to_Charlotte,US:Ohio,12379,35892,,,,0,,-12379,
Minneapolis,to_Charlotte,US:Ohio,9988,65677,,,,0,,-9988,
Boston,to_Austin,US:Arkansas,14859,107187,,,,0,,-14859,
Detroit,to_Austin,US:Arkansas,18057,73481,,,,0,,-18057,
Baltimore,to_Austin,US:Arkansas,14890,83521,,,,0,,-14890,
Chicago,to_Austin,US:Arkansas,16625,61126,,,,0,,-16625,
Philadelphia,to_Austin,US:Arkansas,14977,89927,,,,0,,-14977,
Washington,to_Austin,US:Arkansas,14920,81997,,,,0,,-14920,
San,Francisco_to_Orlando,US:Arizona,19141,154062,,,,0,,-19141,
Los,Angeles_to_Orlando,US:Texas,35173,136602,,,,0,,-35173,
Phoenix,to_Boston,US:Texas,11208,141677,,,,0,,-11208,
Houston,to_Boston,US:Texas,7312,102689,,,,0,,-7312,
Dallas,to_Boston,US:Texas,9812,97906,,,,0,,-9812,
Washington,to_San_Diego,US:Arkansas,14920,147365,,,,0,,-14920,
Houston,to_Washington,US:Alabama,13734,76878,,,,0,,-13734,
San,Francisco_to_Detroit,US:Indiana,8232,132354,,,,0,,-8232,
Los,Angeles_to_Miami,US:California,15232,148243,,,,0,,-15232,
Los,Angeles_to_Phoenix,US:Arizona,7692,21937,,,,0,,-7692,
Washington,to_Phoenix,US:Virginia,482,123722,,,,0,,-482,
Phoenix,to_Baltimore,US:New Mexico,16018,123014,,,,0,,-16018,
Denver,to_Orlando,US:Georgia,18028,97940,,,,0,,-18028,
Philadelphia,to_Orlando,US:Georgia,7412,55025,,,,0,,-7412,
Atlanta,to_Orlando,US:Georgia,13005,24087,,,,0,,-13005,
Chicago,to_Orlando,US:Georgia,18445,64243,,,,0,,-18445,
Washington,to_Orlando,US:Georgia,7450,46557,,,,0,,-7450,
Seattle,to_Orlando,US:Georgia,19561,164664,,,,0,,-19561,
Minneapolis,to_Orlando,US:Georgia,18347,83467,,,,0,,-18347,
Boston,to_Orlando,US:Georgia,7343,73656,,,,0,,-7343,
Detroit,to_Orlando,US:Georgia,4892,64496,,,,0,,-4892,
Boston,to_Charlotte,US:New York,2681,49220,,,,0,,-2681,
New,York_to_Denver,US:Illinois,9006,101264,,,,0,,-9006,
New,York_to_Chicago,US:Ohio,13371,48354,,,,0,,-13371,
Atlanta,to_Seattle,US:Missouri,20684,141995,,,,0,,-20684,
Miami,to_Seattle,US:Missouri,20684,176714,,,,0,,-20684,
Washington,to_Denver,US:Maryland,4932,92977,,,,0,,-4932,
Washington,to_Philadelphia,US:District of Columbia,922,8928,,,,0,,-922,
Seattle,to_San_Antonio,US:Utah,24598,119604,,,,0,,-24598,
Minneapolis,to_San_Diego,US:Iowa,14219,102765,,,,0,,-14219,
San,Francisco_to_Denver,US:Utah,23134,67936,,,,0,,-23134,
Los,Angeles_to_Orlando,US:Florida,25898,136602,,,,0,,-25898,
Houston,to_Orlando,US:Mississippi,3477,52397,,,,0,,-3477,
Dallas,to_Orlando,US:Mississippi,12512,60019,,,,0,,-12512,
Phoenix,to_Orlando,US:Mississippi,12513,118404,,,,0,,-12513,
Miami,to_Seattle,US:Nebraska,21618,176714,,,,0,,-21618,
Detroit,to_Seattle,US:Nebraska,21506,130289,,,,0,,-21506,
Philadelphia,to_Seattle,US:Nebraska,21506,155984,,,,0,,-21506,
Atlanta,to_Seattle,US:Nebraska,21618,141995,,,,0,,-21618,
Boston,to_Seattle,US:Nebraska,21506,168749,,,,0,,-21506,
Washington,to_Seattle,US:Nebraska,21506,153310,,,,0,,-21506,
New,York_to_Atlanta,US:New York,4093,53432,,,,0,,-4093,
New,York_to_Seattle,US:New Jersey,3916,160950,,,,0,,-3916,
Boston,to_Seattle,US:Illinois,7782,168749,,,,0,,-7782,
Washington,to_Seattle,US:Illinois,7782,153310,,,,0,,-7782,
Philadelphia,to_Seattle,US:Illinois,7782,155984,,,,0,,-7782,
Atlanta,to_Seattle,US:Illinois,9991,141995,,,,0,,-9991,
Detroit,to_Seattle,US:Illinois,7782,130289,,,,0,,-7782,
Miami,to_Seattle,US:Illinois,9991,176714,,,,0,,-9991,
Chicago,to_Seattle,US:Illinois,4647,109490,,,,0,,-4647,
San,Francisco_to_Austin,US:Texas,31531,99768,,,,0,,-31531,
New,York_to_San_Diego,US:Pennsylvania,17616,154875,,,,0,,-17616,
Los,Angeles_to_Atlanta,US:Oklahoma,17256,117688,,,,0,,-17256,
Atlanta,to_Detroit,US:Kentucky,9668,40156,,,,0,,-9668,
Houston,to_Baltimore,US:Alabama,11747,78533,,,,0,,-11747,
New,York_to_Phoenix,US:Ohio,14925,134478,,,,0,,-14925,
Dallas,to_Baltimore,US:Arkansas,13723,74016,,,,0,,-13723,
Houston,to_Detroit,US:Illinois,11586,71912,,,,0,,-11586,
Dallas,to_Detroit,US:Illinois,11586,63401,,,,0,,-11586,
Chicago,to_Detroit,US:Illinois,1538,16383,,,,0,,-1538,
Phoenix,to_Detroit,US:Illinois,8589,105507,,,,0,,-8589,
Washington,to_Philadelphia,US:Pennsylvania,1542,8928,,,,0,,-1542,
Dallas,to_Philadelphia,US:Pennsylvania,1542,79714,,,,0,,-1542,
Miami,to_Philadelphia,US:Pennsylvania,1542,65722,,,,0,,-1542,
Chicago,to_Philadelphia,US:Pennsylvania,18669,42685,,,,0,,-18669,
Houston,to_Philadelphia,US:Pennsylvania,6532,85049,,,,0,,-6532,
New,York_to_Phoenix,US:Texas,7775,134478,,,,0,,-7775,
Chicago,to_Houston,US:Missouri,6030,60100,,,,0,,-6030,
Los,Angeles_to_Charlotte,US:Oklahoma,17624,130592,,,,0,,-17624,
Miami,to_Denver,US:Colorado,8820,109435,,,,0,,-8820,
Detroit,to_Denver,US:Colorado,9313,67864,,,,0,,-9313,
Chicago,to_Denver,US:Colorado,9313,54510,,,,0,,-9313,
Houston,to_Denver,US:Colorado,11449,56238,,,,0,,-11449,
Atlanta,to_Denver,US:Colorado,8820,74779,,,,0,,-8820,
Seattle,to_Denver,US:Colorado,5153,71538,,,,0,,-5153,
Dallas,to_Denver,US:Colorado,11418,43813,,,,0,,-11418,
Washington,to_Denver,US:Colorado,9301,92977,,,,0,,-9301,
Phoenix,to_Denver,US:Colorado,12873,45846,,,,0,,-12873,
Philadelphia,to_Denver,US:Colorado,9301,96418,,,,0,,-9301,
Minneapolis,to_Denver,US:Colorado,9269,46634,,,,0,,-9269,
Boston,to_Denver,US:Colorado,9305,107174,,,,0,,-9305,
New,York_to_Miami,US:North Carolina,10208,75617,,,,0,,-10208,
New,York_to_San_Francisco,US:California,15009,164699,,,,0,,-15009,
Seattle,to_Baltimore,US:Washington,14543,152696,,,,0,,-14543,
Seattle,to_Denver,US:Oregon,11267,71538,,,,0,,-11267,
Phoenix,to_Seattle,US:Arizona,17187,81471,,,,0,,-17187,
Dallas,to_Seattle,US:Arizona,5490,115253,,,,0,,-5490,
Houston,to_Seattle,US:Arizona,5490,127558,,,,0,,-5490,
Dallas,to_Detroit,US:Arkansas,17001,63401,,,,0,,-17001,
Houston,to_Detroit,US:Arkansas,18112,71912,,,,0,,-18112,
Atlanta,to_Boston,US:North Carolina,4166,63022,,,,0,,-4166,
Miami,to_Boston,US:North Carolina,9759,84467,,,,0,,-9759,
Los,Angeles_to_Minneapolis,US:Nebraska,17744,100404,,,,0,,-17744,
Miami,to_Philadelphia,US:South Carolina,10343,65722,,,,0,,-10343,
New,York_to_Houston,US:Louisiana,14646,92793,,,,0,,-14646,
Washington,to_San_Francisco,US:District of Columbia,328,161439,,,,0,,-328,
Dallas,to_Miami,US:Mississippi,12779,71747,,,,0,,-12779,
Houston,to_Miami,US:Mississippi,2908,63581,,,,0,,-2908,
Los,Angeles_to_Dallas,US:Texas,26928,76841,,,,0,,-26928,
Los,Angeles_to_Baltimore,US:Texas,11559,140506,,,,0,,-11559,
Chicago,to_Orlando,US:Tennessee,7703,64243,,,,0,,-7703,
Seattle,to_Orlando,US:Tennessee,11422,164664,,,,0,,-11422,
Denver,to_Orlando,US:Tennessee,9467,97940,,,,0,,-9467,
Minneapolis,to_Orlando,US:Tennessee,11467,83467,,,,0,,-11467,
Washington,to_Denver,US:Indiana,9091,92977,,,,0,,-9091,
Philadelphia,to_Denver,US:Indiana,9235,96418,,,,0,,-9235,
Detroit,to_Denver,US:Indiana,5202,67864,,,,0,,-5202,
Boston,to_Denver,US:Indiana,9235,107174,,,,0,,-9235,
Detroit,to_San_Diego,US:Indiana,12388,125902,,,,0,,-12388,
Philadelphia,to_San_Diego,US:Indiana,8560,147030,,,,0,,-8560,
Boston,to_San_Diego,US:Indiana,8490,161486,,,,0,,-8490,
San,Diego_to_Baltimore,US:Texas,11559,144492,,,,0,,-11559,
New,York_to_Denver,US:New York,4093,101264,,,,0,,-4093,
Minneapolis,to_San_Diego,US:Minnesota,5942,102765,,,,0,,-5942,
Atlanta,to_Phoenix,US:Alabama,12269,101642,,,,0,,-12269,
Miami,to_Phoenix,US:Alabama,3397,129487,,,,0,,-3397,
Seattle,to_Charlotte,US:Nebraska,21649,151182,,,,0,,-21649,
Atlanta,to_San_Diego,US:Texas,34238,119947,,,,0,,-34238,
Miami,to_San_Diego,US:Texas,36698,147792,,,,0,,-36698,
Washington,to_San_Diego,US:Texas,33709,147365,,,,0,,-33709,
Philadelphia,to_San_Diego,US:Texas,7764,147030,,,,0,,-7764,
Boston,to_San_Diego,US:Texas,7613,161486,,,,0,,-7613,
Houston,to_San_Diego,US:Texas,36799,85417,,,,0,,-36799,
Detroit,to_San_Diego,US:Texas,7602,125902,,,,0,,-7602,
Dallas,to_San_Diego,US:Texas,26440,75365,,,,0,,-26440,
Chicago,to_San_Diego,US:Texas,11280,113043,,,,0,,-11280,
Houston,to_Seattle,US:Utah,19771,127558,,,,0,,-19771,
Dallas,to_Seattle,US:Utah,19771,115253,,,,0,,-19771,
New,York_to_Minneapolis,US:Pennsylvania,17175,68991,,,,0,,-17175,
Phoenix,to_Boston,US:Illinois,8901,141677,,,,0,,-8901,
Chicago,to_Boston,US:Illinois,1538,55295,,,,0,,-1538,
Los,Angeles_to_Charlotte,US:Mississippi,6160,130592,,,,0,,-6160,
Miami,to_Boston,US:South Carolina,10260,84467,,,,0,,-10260,
Atlanta,to_Boston,US:South Carolina,7697,63022,,,,0,,-7697,
Los,Angeles_to_Boston,US:Connecticut,5727,158854,,,,0,,-5727,
Philadelphia,to_Orlando,US:Maryland,5675,55025,,,,0,,-5675,
Boston,to_Orlando,US:Maryland,5675,73656,,,,0,,-5675,
Chicago,to_Washington,US:Ohio,11896,39416,,,,0,,-11896,
Los,Angeles_to_Philadelphia,US:Illinois,8860,144123,,,,0,,-8860,
Los,Angeles_to_Charlotte,US:New Mexico,16507,130592,,,,0,,-16507,
Los,Angeles_to_Charlotte,US:South Carolina,4769,130592,,,,0,,-4769,
Dallas,to_Charlotte,US:Alabama,11703,55727,,,,0,,-11703,
Houston,to_Charlotte,US:Alabama,13675,56272,,,,0,,-13675,
Phoenix,to_Charlotte,US:Alabama,13105,114377,,,,0,,-13105,
Los,Angeles_to_Boston,US:New York,2671,158854,,,,0,,-2671,
New,York_to_Phoenix,US:Pennsylvania,17616,134478,,,,0,,-17616,
New,York_to_Miami,US:New York,4158,75617,,,,0,,-4158,
New,York_to_Houston,US:Tennessee,13235,92793,,,,0,,-13235,
Chicago,to_Houston,US:Louisiana,4085,60100,,,,0,,-4085,
Boston,to_San_Francisco,US:Connecticut,5966,170182,,,,0,,-5966,
Denver,to_Orlando,US:Colorado,9674,97940,,,,0,,-9674,
Boston,to_Seattle,US:Oregon,11322,168749,,,,0,,-11322,
Miami,to_Seattle,US:Oregon,11322,176714,,,,0,,-11322,
Washington,to_Seattle,US:Oregon,11323,153310,,,,0,,-11323,
Houston,to_Seattle,US:Oregon,11323,127558,,,,0,,-11323,
Detroit,to_Seattle,US:Oregon,11323,130289,,,,0,,-11323,
Philadelphia,to_Seattle,US:Oregon,11322,155984,,,,0,,-11322,
Dallas,to_Seattle,US:Oregon,11323,115253,,,,0,,-11323,
Phoenix,to_Seattle,US:Oregon,11102,81471,,,,0,,-11102,
Atlanta,to_Seattle,US:Oregon,11323,141995,,,,0,,-11323,
Washington,to_Seattle,US:Maryland,4932,153310,,,,0,,-4932,
Boston,to_Seattle,US:Massachusetts,3409,168749,,,,0,,-3409,
Los,Angeles_to_Baltimore,US:Maryland,8929,140506,,,,0,,-8929,
Los,Angeles_to_Washington,US:District of Columbia,732,140641,,,,0,,-732,
Boston,to_Minneapolis,US:Massachusetts,3409,76672,,,,0,,-3409,
Dallas,to_Atlanta,US:Alabama,11036,42646,,,,0,,-11036,
Houston,to_Atlanta,US:Alabama,13817,42806,,,,0,,-13817,
San,Diego_to_Austin,US:Texas,34443,70175,,,,0,,-34443,
New,York_to_Denver,US:Colorado,9301,101264,,,,0,,-9301,
Washington,to_Miami,US:North Carolina,8021,56770,,,,0,,-8021,
Boston,to_Orlando,US:Connecticut,5726,73656,,,,0,,-5726,
Chicago,to_Charlotte,US:Indiana,13013,42002,,,,0,,-13013,
Minneapolis,to_Charlotte,US:Indiana,6650,65677,,,,0,,-6650,
Washington,to_Seattle,US:Virginia,482,153310,,,,0,,-482,
Los,Angeles_to_Houston,US:California,15088,81928,,,,0,,-15088,
New,York_to_Orlando,US:Maryland,5675,64900,,,,0,,-5675,
Miami,to_Phoenix,US:Louisiana,10360,129487,,,,0,,-10360,
Atlanta,to_Phoenix,US:Louisiana,10360,101642,,,,0,,-10360,
New,York_to_Minneapolis,US:Wisconsin,16180,68991,,,,0,,-16180,
New,York_to_Los_Angeles,US:California,15032,151672,,,,0,,-15032,
San,Francisco_to_Charlotte,US:California,33618,147305,,,,0,,-33618,
San,Francisco_to_Minneapolis,US:Nebraska,21374,109324,,,,0,,-21374,
Minneapolis,to_Charlotte,US:Wisconsin,17464,65677,,,,0,,-17464,
Boston,to_Seattle,US:Connecticut,5966,168749,,,,0,,-5966,
New,York_to_Los_Angeles,US:New Mexico,19558,151672,,,,0,,-19558,
Washington,to_Miami,US:South Carolina,11708,56770,,,,0,,-11708,
Boston,to_Austin,US:New York,2681,107187,,,,0,,-2681,
New,York_to_San_Antonio,US:Pennsylvania,11549,102814,,,,0,,-11549,
Philadelphia,to_Phoenix,US:Pennsylvania,19908,126633,,,,0,,-19908,
Washington,to_Phoenix,US:Pennsylvania,10883,123722,,,,0,,-10883,
Charlotte,to_San_Antonio,US:South Carolina,6144,66485,,,,0,,-6144,
New,York_to_Detroit,US:Michigan,3193,37858,,,,0,,-3193,
Phoenix,to_Austin,US:Arizona,13564,51808,,,,0,,-13564,
Seattle,to_Austin,US:Arizona,5713,121352,,,,0,,-5713,
Los,Angeles_to_San_Francisco,US:California,25064,25064,,,,0,,-25064,
Los,Angeles_to_Denver,US:Colorado,13651,53580,,,,0,,-13651,
Los,Angeles_to_Washington,US:Maryland,8457,140641,,,,0,,-8457,
New,York_to_Phoenix,US:Arizona,16062,134478,,,,0,,-16062,
New,York_to_Washington,US:District of Columbia,818,18936,,,,0,,-818,
Washington,to_Miami,US:Georgia,7424,56770,,,,0,,-7424,
Chicago,to_Miami,US:Georgia,18445,76057,,,,0,,-18445,
New,York_to_Austin,US:Tennessee,27338,97872,,,,0,,-27338,
Chicago,to_Phoenix,US:Missouri,15386,92857,,,,0,,-15386,
Philadelphia,to_Phoenix,US:Missouri,15440,126633,,,,0,,-15440,
Washington,to_Phoenix,US:Missouri,15440,123722,,,,0,,-15440,
Minneapolis,to_San_Diego,US:Utah,22015,102765,,,,0,,-22015,
San,Diego_to_Baltimore,US:New Mexico,16018,144492,,,,0,,-16018,
Los,Angeles_to_Chicago,US:California,15321,110186,,,,0,,-15321,
Dallas,to_Washington,US:Texas,9879,72360,,,,0,,-9879,
Houston,to_Washington,US:Texas,7325,76878,,,,0,,-7325,
New,York_to_Miami,US:South Carolina,9931,75617,,,,0,,-9931,
Minneapolis,to_Denver,US:Iowa,13044,46634,,,,0,,-13044,
Philadelphia,to_Denver,US:Iowa,16013,96418,,,,0,,-16013,
Chicago,to_Denver,US:Iowa,15649,54510,,,,0,,-15649,
Boston,to_Denver,US:Iowa,15649,107174,,,,0,,-15649,
Detroit,to_Denver,US:Iowa,15649,67864,,,,0,,-15649,
Washington,to_Denver,US:Iowa,16013,92977,,,,0,,-16013,
New,York_to_Seattle,US:Illinois,7782,160950,,,,0,,-7782,
Baltimore,to_San_Antonio,US:Maryland,2542,88244,,,,0,,-2542,
Dallas,to_Washington,US:District of Columbia,294,72360,,,,0,,-294,
Houston,to_Washington,US:District of Columbia,294,76878,,,,0,,-294,
Chicago,to_Washington,US:District of Columbia,620,39416,,,,0,,-620,
New,York_to_San_Diego,US:Texas,7775,154875,,,,0,,-7775,
Philadelphia,to_San_Francisco,US:Utah,10602,160337,,,,0,,-10602,
Chicago,to_San_Francisco,US:Utah,10602,117212,,,,0,,-10602,
Boston,to_San_Francisco,US:Utah,10602,170182,,,,0,,-10602,
Miami,to_Detroit,US:Florida,20592,75361,,,,0,,-20592,
Chicago,to_Orlando,US:Kentucky,7289,64243,,,,0,,-7289,
Minneapolis,to_Orlando,US:Kentucky,3142,83467,,,,0,,-3142,
Denver,to_Orlando,US:Kentucky,5146,97940,,,,0,,-5146,
Seattle,to_Orlando,US:Kentucky,3142,164664,,,,0,,-3142,
New,York_to_Phoenix,US:New Mexico,19558,134478,,,,0,,-19558,
Philadelphia,to_Atlanta,US:Virginia,19910,45202,,,,0,,-19910,
Washington,to_Atlanta,US:Virginia,11033,35845,,,,0,,-11033,
Atlanta,to_Boston,US:Connecticut,5272,63022,,,,0,,-5272,
Houston,to_Boston,US:Connecticut,5075,102689,,,,0,,-5075,
Phoenix,to_Boston,US:Connecticut,5735,141677,,,,0,,-5735,
Washington,to_Boston,US:Connecticut,5647,27923,,,,0,,-5647,
Chicago,to_Boston,US:Connecticut,5709,55295,,,,0,,-5709,
Philadelphia,to_Boston,US:Connecticut,5726,19871,,,,0,,-5726,
Miami,to_Boston,US:Connecticut,6444,84467,,,,0,,-6444,
Dallas,to_Boston,US:Connecticut,5290,97906,,,,0,,-5290,
San,Diego_to_San_Antonio,US:California,17720,67777,,,,0,,-17720,
San,Francisco_to_Orlando,US:Alabama,1942,154062,,,,0,,-1942,
San,Diego_to_Charlotte,US:California,17720,132415,,,,0,,-17720,
Baltimore,to_Austin,US:Virginia,20188,83521,,,,0,,-20188,
Boston,to_Austin,US:Virginia,15892,107187,,,,0,,-15892,
Washington,to_Austin,US:Virginia,20452,81997,,,,0,,-20452,
Philadelphia,to_Austin,US:Virginia,22327,89927,,,,0,,-22327,
Atlanta,to_Phoenix,US:Georgia,4058,101642,,,,0,,-4058,
Seattle,to_Charlotte,US:Kentucky,3142,151182,,,,0,,-3142,
Denver,to_Charlotte,US:Kentucky,5146,84603,,,,0,,-5146,
New,York_to_Los_Angeles,US:Indiana,8753,151672,,,,0,,-8753,
Los,Angeles_to_Boston,US:Illinois,8901,158854,,,,0,,-8901,
Atlanta,to_San_Diego,US:Georgia,4076,119947,,,,0,,-4076,
Washington,to_San_Diego,US:California,10551,147365,,,,0,,-10551,
Philadelphia,to_San_Diego,US:California,10551,147030,,,,0,,-10551,
Miami,to_San_Diego,US:California,11009,147792,,,,0,,-11009,
Phoenix,to_San_Diego,US:California,11165,21231,,,,0,,-11165,
Detroit,to_San_Diego,US:California,10551,125902,,,,0,,-10551,
Minneapolis,to_San_Diego,US:California,15169,102765,,,,0,,-15169,
Seattle,to_San_Diego,US:California,24499,80734,,,,0,,-24499,
Houston,to_San_Diego,US:California,10551,85417,,,,0,,-10551,
Chicago,to_San_Diego,US:California,10551,113043,,,,0,,-10551,
Atlanta,to_San_Diego,US:California,10551,119947,,,,0,,-10551,
Boston,to_San_Diego,US:California,10551,161486,,,,0,,-10551,
Dallas,to_San_Diego,US:California,10551,75365,,,,0,,-10551,
San,Francisco_to_Baltimore,US:Utah,9890,156314,,,,0,,-9890,
Los,Angeles_to_Minneapolis,US:Minnesota,5991,100404,,,,0,,-5991,
Washington,to_Austin,US:District of Columbia,328,81997,,,,0,,-328,
San,Francisco_to_Charlotte,US:Mississippi,6604,147305,,,,0,,-6604,
San,Diego_to_Baltimore,US:Oklahoma,17997,144492,,,,0,,-17997,
San,Diego_to_Charlotte,US:Alabama,11761,132415,,,,0,,-11761,
Chicago,to_Miami,US:Kentucky,7303,76057,,,,0,,-7303,
Los,Angeles_to_Baltimore,US:Ohio,11894,140506,,,,0,,-11894,
San,Francisco_to_Baltimore,US:Indiana,9746,156314,,,,0,,-9746,
Boston,to_Austin,US:Massachusetts,3915,107187,,,,0,,-3915,
Charlotte,to_San_Antonio,US:North Carolina,2562,66485,,,,0,,-2562,
Boston,to_San_Francisco,US:Massachusetts,3409,170182,,,,0,,-3409,
Denver,to_Charlotte,US:Missouri,13822,84603,,,,0,,-13822,
Seattle,to_Charlotte,US:Missouri,20637,151182,,,,0,,-20637,
Seattle,to_San_Diego,US:Washington,15038,80734,,,,0,,-15038,
Chicago,to_Seattle,US:Minnesota,16935,109490,,,,0,,-16935,
New,York_to_San_Antonio,US:Alabama,13450,102814,,,,0,,-13450,
Houston,to_Atlanta,US:Texas,6402,42806,,,,0,,-6402,
Dallas,to_Atlanta,US:Texas,8725,42646,,,,0,,-8725,
San,Francisco_to_San_Antonio,US:New Mexico,15478,98020,,,,0,,-15478,
Los,Angeles_to_Atlanta,US:Texas,11984,117688,,,,0,,-11984,
Miami,to_Denver,US:Missouri,13706,109435,,,,0,,-13706,
Atlanta,to_Denver,US:Missouri,13706,74779,,,,0,,-13706,
Chicago,to_Dallas,US:Missouri,7362,51582,,,,0,,-7362,
Phoenix,to_Detroit,US:Texas,11285,105507,,,,0,,-11285,
Houston,to_Detroit,US:Texas,13151,71912,,,,0,,-13151,
Dallas,to_Detroit,US:Texas,9826,63401,,,,0,,-9826,
San,Francisco_to_Denver,US:California,13431,67936,,,,0,,-13431,
New,York_to_Seattle,US:Washington,14524,160950,,,,0,,-14524,
Philadelphia,to_Charlotte,US:Pennsylvania,6763,31688,,,,0,,-6763,
Boston,to_Charlotte,US:Pennsylvania,18667,49220,,,,0,,-18667,
Denver,to_Austin,US:Colorado,10850,51288,,,,0,,-10850,
Seattle,to_Austin,US:Colorado,6271,121352,,,,0,,-6271,
Minneapolis,to_Austin,US:Iowa,12018,61291,,,,0,,-12018,
Los,Angeles_to_Philadelphia,US:Pennsylvania,19711,144123,,,,0,,-19711,
New,York_to_Houston,US:Alabama,13450,92793,,,,0,,-13450,
New,York_to_Orlando,US:Florida,8577,64900,,,,0,,-8577,
Los,Angeles_to_Charlotte,US:Arkansas,16271,130592,,,,0,,-16271,
Houston,to_Miami,US:Florida,36094,63581,,,,0,,-36094,
Dallas,to_Miami,US:Florida,37539,71747,,,,0,,-37539,
Washington,to_Miami,US:Florida,19294,56770,,,,0,,-19294,
Chicago,to_Miami,US:Florida,23264,76057,,,,0,,-23264,
Los,Angeles_to_Dallas,US:New Mexico,17537,76841,,,,0,,-17537,
Houston,to_Seattle,US:Texas,31066,127558,,,,0,,-31066,
Dallas,to_Seattle,US:Texas,34527,115253,,,,0,,-34527,
Washington,to_San_Francisco,US:Oklahoma,17604,161439,,,,0,,-17604,
Phoenix,to_Detroit,US:New Mexico,15793,105507,,,,0,,-15793,
San,Francisco_to_Minneapolis,US:Utah,10628,109324,,,,0,,-10628,
Boston,to_San_Diego,US:Massachusetts,3526,161486,,,,0,,-3526,
Seattle,to_Baltimore,US:Wyoming,27732,152696,,,,0,,-27732,
New,York_to_Boston,US:Massachusetts,4237,14542,,,,0,,-4237,
Atlanta,to_Austin,US:Georgia,4840,51621,,,,0,,-4840,
Charlotte,to_Austin,US:Georgia,8139,65269,,,,0,,-8139,
Miami,to_Seattle,US:Tennessee,11520,176714,,,,0,,-11520,
Atlanta,to_Seattle,US:Tennessee,11520,141995,,,,0,,-11520,
Los,Angeles_to_Washington,US:Illinois,8876,140641,,,,0,,-8876,
Detroit,to_San_Antonio,US:Arkansas,18057,77644,,,,0,,-18057,
Chicago,to_San_Antonio,US:Arkansas,16625,65259,,,,0,,-16625,
Los,Angeles_to_Baltimore,US:Indiana,8693,140506,,,,0,,-8693,
Los,Angeles_to_Miami,US:Texas,35173,148243,,,,0,,-35173,
Denver,to_Austin,US:New Mexico,7586,51288,,,,0,,-7586,
Phoenix,to_Austin,US:New Mexico,7633,51808,,,,0,,-7633,
Seattle,to_Austin,US:New Mexico,22730,121352,,,,0,,-22730,
San,Diego_to_Baltimore,US:Illinois,8901,144492,,,,0,,-8901,
Miami,to_Detroit,US:South Carolina,12406,75361,,,,0,,-12406,
San,Diego_to_Orlando,US:New Mexico,9594,136630,,,,0,,-9594,
New,York_to_Philadelphia,US:New York,4158,10852,,,,0,,-4158,
Seattle,to_Baltimore,US:Idaho,16023,152696,,,,0,,-16023,
Houston,to_Detroit,US:Louisiana,4065,71912,,,,0,,-4065,
Los,Angeles_to_Baltimore,US:Arizona,18474,140506,,,,0,,-18474,
Los,Angeles_to_Orlando,US:Louisiana,11159,136602,,,,0,,-11159,
New,York_to_Orlando,US:South Carolina,9931,64900,,,,0,,-9931,
Seattle,to_Charlotte,US:Oregon,11267,151182,,,,0,,-11267,
Boston,to_San_Antonio,US:New York,2681,112041,,,,0,,-2681,
San,Francisco_to_San_Antonio,US:Arizona,19141,98020,,,,0,,-19141,
Boston,to_Austin,US:Connecticut,5721,107187,,,,0,,-5721,
Washington,to_San_Francisco,US:Virginia,19421,161439,,,,0,,-19421,
Washington,to_Minneapolis,US:District of Columbia,613,61229,,,,0,,-613,
New,York_to_Austin,US:Pennsylvania,11549,97872,,,,0,,-11549,
Los,Angeles_to_Charlotte,US:California,15130,130592,,,,0,,-15130,
Phoenix,to_Baltimore,US:Missouri,15441,123014,,,,0,,-15441,
Seattle,to_Orlando,US:Washington,14639,164664,,,,0,,-14639,
Los,Angeles_to_Atlanta,US:California,15130,117688,,,,0,,-15130,
New,York_to_San_Diego,US:California,10551,154875,,,,0,,-10551,
Miami,to_Philadelphia,US:Florida,19284,65722,,,,0,,-19284,
Boston,to_Orlando,US:New Jersey,7443,73656,,,,0,,-7443,
Los,Angeles_to_Chicago,US:New Mexico,15785,110186,,,,0,,-15785,
Boston,to_Minneapolis,US:Indiana,9091,76672,,,,0,,-9091,
Washington,to_Minneapolis,US:Indiana,9091,61229,,,,0,,-9091,
Philadelphia,to_Minneapolis,US:Indiana,9091,63966,,,,0,,-9091,
Boston,to_Baltimore,US:New York,3340,25436,,,,0,,-3340,
Miami,to_Baltimore,US:Virginia,10465,59855,,,,0,,-10465,
Atlanta,to_Baltimore,US:Virginia,18594,38865,,,,0,,-18594,
Orlando,to_Baltimore,US:Virginia,10553,49132,,,,0,,-10553,
Charlotte,to_Baltimore,US:Virginia,18594,25323,,,,0,,-18594,
Dallas,to_Baltimore,US:Virginia,19071,74016,,,,0,,-19071,
Houston,to_Baltimore,US:Virginia,19071,78533,,,,0,,-19071,
Dallas,to_Philadelphia,US:Arkansas,13661,79714,,,,0,,-13661,
Boston,to_San_Francisco,US:New York,2681,170182,,,,0,,-2681,
Washington,to_Seattle,US:District of Columbia,613,153310,,,,0,,-613,
Houston,to_Seattle,US:Washington,14572,127558,,,,0,,-14572,
Boston,to_Seattle,US:Washington,14516,168749,,,,0,,-14516,
Chicago,to_Seattle,US:Washington,17794,109490,,,,0,,-17794,
Atlanta,to_Seattle,US:Washington,14567,141995,,,,0,,-14567,
Dallas,to_Seattle,US:Washington,14565,115253,,,,0,,-14565,
Phoenix,to_Seattle,US:Washington,14513,81471,,,,0,,-14513,
Washington,to_Seattle,US:Washington,14537,153310,,,,0,,-14537,
Philadelphia,to_Seattle,US:Washington,14533,155984,,,,0,,-14533,
Detroit,to_Seattle,US:Washington,14516,130289,,,,0,,-14516,
Miami,to_Seattle,US:Washington,14679,176714,,,,0,,-14679,
San,Francisco_to_Detroit,US:California,13431,132354,,,,0,,-13431,
New,York_to_Miami,US:New Jersey,8640,75617,,,,0,,-8640,
San,Antonio_to_Austin,US:Texas,4571,4571,,,,0,,-4571,
Detroit,to_San_Diego,US:Michigan,3229,125902,,,,0,,-3229,
Dallas,to_Baltimore,US:Texas,9865,74016,,,,0,,-9865,
Phoenix,to_Baltimore,US:Texas,11559,123014,,,,0,,-11559,
Houston,to_Baltimore,US:Texas,7325,78533,,,,0,,-7325,
Phoenix,to_Minneapolis,US:Oklahoma,509,90847,,,,0,,-509,
Houston,to_Minneapolis,US:Oklahoma,14268,66023,,,,0,,-14268,
Dallas,to_Minneapolis,US:Oklahoma,14268,53412,,,,0,,-14268,
Los,Angeles_to_Boston,US:Oklahoma,17791,158854,,,,0,,-17791,
Los,Angeles_to_Atlanta,US:Arkansas,15887,117688,,,,0,,-15887,
Los,Angeles_to_Philadelphia,US:Ohio,12288,144123,,,,0,,-12288,
Philadelphia,to_Baltimore,US:Pennsylvania,1599,6453,,,,0,,-1599,
Minneapolis,to_Baltimore,US:Pennsylvania,11504,60746,,,,0,,-11504,
Seattle,to_Baltimore,US:Pennsylvania,11505,152696,,,,0,,-11505,
Chicago,to_Baltimore,US:Pennsylvania,10758,39401,,,,0,,-10758,
Detroit,to_Baltimore,US:Pennsylvania,9320,28618,,,,0,,-9320,
Denver,to_Baltimore,US:Pennsylvania,11504,92438,,,,0,,-11504,
Phoenix,to_Baltimore,US:Pennsylvania,4705,123014,,,,0,,-4705,
Seattle,to_Orlando,US:Idaho,16023,164664,,,,0,,-16023,
Miami,to_Boston,US:Georgia,7374,84467,,,,0,,-7374,
Atlanta,to_Boston,US:Georgia,5868,63022,,,,0,,-5868,
Los,Angeles_to_Washington,US:Oklahoma,18070,140641,,,,0,,-18070,
Los,Angeles_to_Washington,US:California,15130,140641,,,,0,,-15130,
Minneapolis,to_Austin,US:Missouri,5883,61291,,,,0,,-5883,
Chicago,to_Austin,US:Missouri,7362,61126,,,,0,,-7362,
Detroit,to_Austin,US:Missouri,4347,73481,,,,0,,-4347,
San,Francisco_to_Austin,US:Arizona,19141,99768,,,,0,,-19141,
Seattle,to_Austin,US:Texas,24476,121352,,,,0,,-24476,
Houston,to_Austin,US:Texas,8915,8915,,,,0,,-8915,
Minneapolis,to_Austin,US:Texas,14701,61291,,,,0,,-14701,
Dallas,to_Austin,US:Texas,10113,10113,,,,0,,-10113,
Philadelphia,to_Austin,US:Texas,18572,89927,,,,0,,-18572,
Orlando,to_Austin,US:Texas,15101,61329,,,,0,,-15101,
Washington,to_Austin,US:Texas,18572,81997,,,,0,,-18572,
Baltimore,to_Austin,US:Texas,18572,83521,,,,0,,-18572,
Charlotte,to_Austin,US:Texas,18320,65269,,,,0,,-18320,
Atlanta,to_Austin,US:Texas,15096,51621,,,,0,,-15096,
Denver,to_Austin,US:Texas,32851,51288,,,,0,,-32851,
Miami,to_Austin,US:Texas,15114,72505,,,,0,,-15114,
Phoenix,to_Austin,US:Texas,30611,51808,,,,0,,-30611,
Boston,to_Austin,US:Texas,18560,107187,,,,0,,-18560,
Detroit,to_Austin,US:Texas,18566,73481,,,,0,,-18566,
Chicago,to_Austin,US:Texas,18574,61126,,,,0,,-18574,
New,York_to_Orlando,US:Georgia,7401,64900,,,,0,,-7401,
San,Diego_to_Orlando,US:Florida,24837,136630,,,,0,,-24837,
Washington,to_Boston,US:District of Columbia,922,27923,,,,0,,-922,
Phoenix,to_Charlotte,US:New Mexico,13212,114377,,,,0,,-13212,
Los,Angeles_to_Miami,US:Mississippi,12513,148243,,,,0,,-12513,
Detroit,to_Austin,US:Michigan,3220,73481,,,,0,,-3220,
New,York_to_Atlanta,US:Georgia,5860,53432,,,,0,,-5860,
Philadelphia,to_Austin,US:Pennsylvania,6985,89927,,,,0,,-6985,
Boston,to_Austin,US:Pennsylvania,18667,107187,,,,0,,-18667,
Minneapolis,to_Austin,US:Kansas,12404,61291,,,,0,,-12404,
Washington,to_Denver,US:Pennsylvania,11145,92977,,,,0,,-11145,
Philadelphia,to_Denver,US:Pennsylvania,20066,96418,,,,0,,-20066,
Boston,to_Denver,US:Pennsylvania,21137,107174,,,,0,,-21137,
New,York_to_Phoenix,US:New Jersey,3927,134478,,,,0,,-3927,
Washington,to_Minneapolis,US:Virginia,482,61229,,,,0,,-482,
Houston,to_Boston,US:Tennessee,11850,102689,,,,0,,-11850,
Dallas,to_Boston,US:Tennessee,26096,97906,,,,0,,-26096,
Philadelphia,to_Atlanta,US:Pennsylvania,6763,45202,,,,0,,-6763,
Seattle,to_San_Diego,US:Idaho,2168,80734,,,,0,,-2168,
Los,Angeles_to_Philadelphia,US:New Mexico,16006,144123,,,,0,,-16006,
Washington,to_San_Diego,US:District of Columbia,328,147365,,,,0,,-328,
Chicago,to_Philadelphia,US:Ohio,13701,42685,,,,0,,-13701,
Houston,to_Washington,US:Mississippi,9583,76878,,,,0,,-9583,
New,York_to_Detroit,US:New Jersey,3916,37858,,,,0,,-3916,
Miami,to_Minneapolis,US:Georgia,18284,95707,,,,0,,-18284,
Atlanta,to_Minneapolis,US:Georgia,6546,60687,,,,0,,-6546,
New,York_to_Baltimore,US:Maryland,3647,16445,,,,0,,-3647,
Chicago,to_Seattle,US:North Dakota,16039,109490,,,,0,,-16039,
Minneapolis,to_San_Antonio,US:Missouri,5883,65525,,,,0,,-5883,
Chicago,to_San_Antonio,US:Missouri,7362,65259,,,,0,,-7362,
Detroit,to_San_Antonio,US:Missouri,4347,77644,,,,0,,-4347,
Baltimore,to_Austin,US:Maryland,2542,83521,,,,0,,-2542,
Chicago,to_Minneapolis,US:Wisconsin,17493,22904,,,,0,,-17493,
Philadelphia,to_Minneapolis,US:Wisconsin,15925,63966,,,,0,,-15925,
Detroit,to_Minneapolis,US:Wisconsin,15762,38173,,,,0,,-15762,
Washington,to_Minneapolis,US:Wisconsin,15865,61229,,,,0,,-15865,
Atlanta,to_Minneapolis,US:Wisconsin,16405,60687,,,,0,,-16405,
Miami,to_Minneapolis,US:Wisconsin,10939,95707,,,,0,,-10939,
Boston,to_Minneapolis,US:Wisconsin,16028,76672,,,,0,,-16028,
Los,Angeles_to_Houston,US:Arizona,20779,81928,,,,0,,-20779,
New,York_to_San_Antonio,US:Virginia,15638,102814,,,,0,,-15638,
Washington,to_San_Antonio,US:District of Columbia,328,86643,,,,0,,-328,
Philadelphia,to_San_Francisco,US:California,15009,160337,,,,0,,-15009,
Houston,to_San_Francisco,US:California,33906,106137,,,,0,,-33906,
Phoenix,to_San_Francisco,US:California,39181,46747,,,,0,,-39181,
Dallas,to_San_Francisco,US:California,33906,94529,,,,0,,-33906,
Miami,to_San_Francisco,US:California,33906,165206,,,,0,,-33906,
Atlanta,to_San_Francisco,US:California,33906,136515,,,,0,,-33906,
Chicago,to_San_Francisco,US:California,15009,117212,,,,0,,-15009,
Washington,to_San_Francisco,US:California,34243,161439,,,,0,,-34243,
Boston,to_San_Francisco,US:California,15009,170182,,,,0,,-15009,
Seattle,to_Minneapolis,US:Washington,13072,87458,,,,0,,-13072,
San,Francisco_to_Charlotte,US:Oklahoma,17667,147305,,,,0,,-17667,
New,York_to_Charlotte,US:Pennsylvania,11549,39917,,,,0,,-11549,
New,York_to_San_Francisco,US:Pennsylvania,17572,164699,,,,0,,-17572,
Charlotte,to_Austin,US:South Carolina,6376,65269,,,,0,,-6376,
San,Francisco_to_Charlotte,US:Alabama,10111,147305,,,,0,,-10111,
Los,Angeles_to_Miami,US:Florida,37539,148243,,,,0,,-37539,
Los,Angeles_to_Chicago,US:Missouri,15341,110186,,,,0,,-15341,
New,York_to_San_Francisco,US:New Jersey,3927,164699,,,,0,,-3927,
Los,Angeles_to_Detroit,US:New Mexico,15793,122653,,,,0,,-15793,
San,Diego_to_San_Antonio,US:Texas,32167,67777,,,,0,,-32167,
Boston,to_San_Francisco,US:Ohio,12084,170182,,,,0,,-12084,
Philadelphia,to_San_Francisco,US:Ohio,12721,160337,,,,0,,-12721,
New,York_to_Dallas,US:Pennsylvania,11549,88024,,,,0,,-11549,
San,Francisco_to_Baltimore,US:Iowa,17441,156314,,,,0,,-17441,
Houston,to_Miami,US:Alabama,4832,63581,,,,0,,-4832,
Dallas,to_Miami,US:Alabama,2016,71747,,,,0,,-2016,
New,York_to_Seattle,US:Pennsylvania,17123,160950,,,,0,,-17123,
Phoenix,to_Detroit,US:Oklahoma,17741,105507,,,,0,,-17741,
New,York_to_Seattle,US:Ohio,11541,160950,,,,0,,-11541,
Seattle,to_Charlotte,US:Wyoming,27732,151182,,,,0,,-27732,
Minneapolis,to_Orlando,US:Wisconsin,15775,83467,,,,0,,-15775,
San,Diego_to_Charlotte,US:Louisiana,10581,132415,,,,0,,-10581,
San,Francisco_to_Baltimore,US:Maryland,5565,156314,,,,0,,-5565,
Seattle,to_Austin,US:Utah,24598,121352,,,,0,,-24598,
Detroit,to_Austin,US:Illinois,11426,73481,,,,0,,-11426,
Chicago,to_Austin,US:Illinois,18564,61126,,,,0,,-18564,
San,Diego_to_Orlando,US:Louisiana,10589,136630,,,,0,,-10589,
Phoenix,to_Denver,US:Utah,12816,45846,,,,0,,-12816,
Seattle,to_San_Antonio,US:Oregon,11267,119604,,,,0,,-11267,
Houston,to_Minneapolis,US:Missouri,14115,66023,,,,0,,-14115,
Dallas,to_Minneapolis,US:Missouri,13883,53412,,,,0,,-13883,
New,York_to_Orlando,US:North Carolina,10208,64900,,,,0,,-10208,
New,York_to_Seattle,US:Iowa,16362,160950,,,,0,,-16362,
Los,Angeles_to_Atlanta,US:New Mexico,16849,117688,,,,0,,-16849,
Los,Angeles_to_Detroit,US:Oklahoma,17741,122653,,,,0,,-17741,
Atlanta,to_Phoenix,US:Arizona,13447,101642,,,,0,,-13447,
Houston,to_Phoenix,US:Arizona,13487,67349,,,,0,,-13487,
Chicago,to_Phoenix,US:Arizona,16050,92857,,,,0,,-16050,
Dallas,to_Phoenix,US:Arizona,13447,58407,,,,0,,-13447,
Washington,to_Phoenix,US:Arizona,16155,123722,,,,0,,-16155,
Miami,to_Phoenix,US:Arizona,13418,129487,,,,0,,-13418,
Philadelphia,to_Phoenix,US:Arizona,16093,126633,,,,0,,-16093,
Los,Angeles_to_Washington,US:Pennsylvania,4705,140641,,,,0,,-4705,
New,York_to_Denver,US:Pennsylvania,17572,101264,,,,0,,-17572,
Houston,to_Boston,US:Alabama,13321,102689,,,,0,,-13321,
Los,Angeles_to_Detroit,US:California,15321,122653,,,,0,,-15321,
Denver,to_Orlando,US:Kansas,21599,97940,,,,0,,-21599,
Minneapolis,to_San_Diego,US:Nebraska,17796,102765,,,,0,,-17796,
Los,Angeles_to_Denver,US:Arizona,532,53580,,,,0,,-532,
Minneapolis,to_Charlotte,US:Illinois,13252,65677,,,,0,,-13252,
Seattle,to_Charlotte,US:Illinois,8799,151182,,,,0,,-8799,
Denver,to_Charlotte,US:Illinois,8864,84603,,,,0,,-8864,
Chicago,to_Charlotte,US:Illinois,1538,42002,,,,0,,-1538,
Washington,to_Minneapolis,US:Maryland,4932,61229,,,,0,,-4932,
Miami,to_Minneapolis,US:Florida,23396,95707,,,,0,,-23396,
Boston,to_San_Diego,US:New York,2681,161486,,,,0,,-2681,
Boston,to_San_Diego,US:Oklahoma,17580,161486,,,,0,,-17580,
Philadelphia,to_San_Diego,US:Oklahoma,17898,147030,,,,0,,-17898,
Chicago,to_San_Diego,US:Oklahoma,17624,113043,,,,0,,-17624,
Detroit,to_San_Diego,US:Oklahoma,17608,125902,,,,0,,-17608,
Boston,to_San_Francisco,US:Nevada,22725,170182,,,,0,,-22725,
Philadelphia,to_San_Francisco,US:Nevada,22725,160337,,,,0,,-22725,
Chicago,to_San_Francisco,US:Nevada,22725,117212,,,,0,,-22725,
San,Francisco_to_Charlotte,US:Arizona,19141,147305,,,,0,,-19141,
New,York_to_San_Francisco,US:Wyoming,19988,164699,,,,0,,-19988,
Detroit,to_Orlando,US:Ohio,12379,64496,,,,0,,-12379,
Orlando,to_Baltimore,US:North Carolina,10009,49132,,,,0,,-10009,
Charlotte,to_Baltimore,US:North Carolina,4204,25323,,,,0,,-4204,
Miami,to_Baltimore,US:North Carolina,10031,59855,,,,0,,-10031,
Atlanta,to_Baltimore,US:North Carolina,4166,38865,,,,0,,-4166,
Houston,to_Philadelphia,US:Louisiana,11813,85049,,,,0,,-11813,
San,Francisco_to_Baltimore,US:Ohio,11996,156314,,,,0,,-11996,
San,Diego_to_Charlotte,US:Arizona,14399,132415,,,,0,,-14399,
Miami,to_Baltimore,US:South Carolina,10044,59855,,,,0,,-10044,
Atlanta,to_Baltimore,US:South Carolina,7711,38865,,,,0,,-7711,
Orlando,to_Baltimore,US:South Carolina,10044,49132,,,,0,,-10044,
Seattle,to_Baltimore,US:Oregon,11267,152696,,,,0,,-11267,
Dallas,to_Boston,US:Arkansas,13600,97906,,,,0,,-13600,
Seattle,to_San_Antonio,US:New Mexico,22730,119604,,,,0,,-22730,
Denver,to_San_Antonio,US:New Mexico,7603,50184,,,,0,,-7603,
Phoenix,to_San_Antonio,US:New Mexico,7302,50650,,,,0,,-7302,
Phoenix,to_Boston,US:Arizona,16036,141677,,,,0,,-16036,
Orlando,to_Charlotte,US:Florida,9813,29043,,,,0,,-9813,
Miami,to_Charlotte,US:Florida,19705,39686,,,,0,,-19705,
Chicago,to_Houston,US:Texas,13152,60100,,,,0,,-13152,
Dallas,to_Houston,US:Texas,12625,12625,,,,0,,-12625,
Houston,to_Orlando,US:Louisiana,12711,52397,,,,0,,-12711,
Dallas,to_Orlando,US:Louisiana,10664,60019,,,,0,,-10664,
Phoenix,to_Orlando,US:Louisiana,11159,118404,,,,0,,-11159,
Washington,to_Seattle,US:Ohio,11987,153310,,,,0,,-11987,
Boston,to_Seattle,US:Ohio,11541,168749,,,,0,,-11541,
Philadelphia,to_Seattle,US:Ohio,11987,155984,,,,0,,-11987,
Washington,to_Baltimore,US:District of Columbia,833,3051,,,,0,,-833,
Dallas,to_Philadelphia,US:Texas,9843,79714,,,,0,,-9843,
Houston,to_Philadelphia,US:Texas,7325,85049,,,,0,,-7325,
New,York_to_Detroit,US:New York,4093,37858,,,,0,,-4093,
Los,Angeles_to_Charlotte,US:Tennessee,683,130592,,,,0,,-683,
Philadelphia,to_Baltimore,US:Delaware,1352,6453,,,,0,,-1352,
Boston,to_Baltimore,US:Delaware,1182,25436,,,,0,,-1182,
Atlanta,to_Detroit,US:Tennessee,8636,40156,,,,0,,-8636,
San,Francisco_to_Orlando,US:Louisiana,11099,154062,,,,0,,-11099,
Chicago,to_San_Antonio,US:Illinois,18564,65259,,,,0,,-18564,
Detroit,to_San_Antonio,US:Illinois,11417,77644,,,,0,,-11417,
Los,Angeles_to_Detroit,US:Arizona,17860,122653,,,,0,,-17860,
Boston,to_Detroit,US:New York,7028,45100,,,,0,,-7028,
Seattle,to_Orlando,US:Wyoming,27732,164664,,,,0,,-27732,
San,Diego_to_Denver,US:California,15304,56863,,,,0,,-15304,
Phoenix,to_Orlando,US:Arizona,13450,118404,,,,0,,-13450,
San,Francisco_to_Baltimore,US:California,13431,156314,,,,0,,-13431,
Phoenix,to_Baltimore,US:Illinois,8901,123014,,,,0,,-8901,
Denver,to_Baltimore,US:Illinois,9301,92438,,,,0,,-9301,
Chicago,to_Baltimore,US:Illinois,1538,39401,,,,0,,-1538,
Seattle,to_Baltimore,US:Illinois,8191,152696,,,,0,,-8191,
Minneapolis,to_Baltimore,US:Illinois,5300,60746,,,,0,,-5300,
Miami,to_Boston,US:Maryland,5561,84467,,,,0,,-5561,
Washington,to_Boston,US:Maryland,5191,27923,,,,0,,-5191,
Detroit,to_Minneapolis,US:Michigan,15110,38173,,,,0,,-15110,
Detroit,to_San_Diego,US:New Mexico,19436,125902,,,,0,,-19436,
Dallas,to_San_Diego,US:New Mexico,17461,75365,,,,0,,-17461,
Atlanta,to_San_Diego,US:New Mexico,20170,119947,,,,0,,-20170,
Philadelphia,to_San_Diego,US:New Mexico,19581,147030,,,,0,,-19581,
Miami,to_San_Diego,US:New Mexico,17199,147792,,,,0,,-17199,
Washington,to_San_Diego,US:New Mexico,19691,147365,,,,0,,-19691,
Houston,to_San_Diego,US:New Mexico,17079,85417,,,,0,,-17079,
Chicago,to_San_Diego,US:New Mexico,15729,113043,,,,0,,-15729,
Boston,to_San_Diego,US:New Mexico,19464,161486,,,,0,,-19464,
New,York_to_Houston,US:New Jersey,5719,92793,,,,0,,-5719,
Los,Angeles_to_Chicago,US:Illinois,16931,110186,,,,0,,-16931,
New,York_to_Dallas,US:Virginia,15638,88024,,,,0,,-15638,
New,York_to_Minneapolis,US:New York,4093,68991,,,,0,,-4093,
Los,Angeles_to_Charlotte,US:North Carolina,3938,130592,,,,0,,-3938,
San,Diego_to_Charlotte,US:Mississippi,8207,132415,,,,0,,-8207,
Philadelphia,to_Orlando,US:North Carolina,9786,55025,,,,0,,-9786,
Boston,to_Orlando,US:North Carolina,10061,73656,,,,0,,-10061,
Detroit,to_Orlando,US:North Carolina,5528,64496,,,,0,,-5528,
Washington,to_Orlando,US:North Carolina,11178,46557,,,,0,,-11178,
Minneapolis,to_Austin,US:Oklahoma,10658,61291,,,,0,,-10658,
Boston,to_Detroit,US:Massachusetts,3409,45100,,,,0,,-3409,
Phoenix,to_Minneapolis,US:Nebraska,10808,90847,,,,0,,-10808,
Boston,to_Orlando,US:New York,3340,73656,,,,0,,-3340,
Washington,to_San_Francisco,US:Arkansas,16174,161439,,,,0,,-16174,
Los,Angeles_to_Miami,US:Alabama,1946,148243,,,,0,,-1946,
New,York_to_Chicago,US:New Jersey,3927,48354,,,,0,,-3927,
Los,Angeles_to_Seattle,US:Oregon,18857,73197,,,,0,,-18857,
Los,Angeles_to_Chicago,US:Arizona,17860,110186,,,,0,,-17860,
Boston,to_Detroit,US:Connecticut,5966,45100,,,,0,,-5966,
New,York_to_San_Diego,US:New York,4093,154875,,,,0,,-4093,
Minneapolis,to_San_Antonio,US:Iowa,11999,65525,,,,0,,-11999,
New,York_to_San_Diego,US:Illinois,8472,154875,,,,0,,-8472,
New,York_to_Phoenix,US:New York,4093,134478,,,,0,,-4093,
Washington,to_Philadelphia,US:Maryland,5191,8928,,,,0,,-5191,
Miami,to_Philadelphia,US:Maryland,5561,65722,,,,0,,-5561,
Dallas,to_Philadelphia,US:Maryland,5561,79714,,,,0,,-5561,
Chicago,to_Dallas,US:Arkansas,16625,51582,,,,0,,-16625,
New,York_to_Phoenix,US:Oklahoma,17869,134478,,,,0,,-17869,
San,Francisco_to_Detroit,US:Nebraska,22688,132354,,,,0,,-22688,
New,York_to_San_Francisco,US:Nebraska,23569,164699,,,,0,,-23569,
Seattle,to_Charlotte,US:Tennessee,15626,151182,,,,0,,-15626,
Denver,to_Charlotte,US:Tennessee,13705,84603,,,,0,,-13705,
Washington,to_Detroit,US:Virginia,482,29666,,,,0,,-482,
Miami,to_Detroit,US:Virginia,3372,75361,,,,0,,-3372,
Baltimore,to_San_Antonio,US:Tennessee,12916,88244,,,,0,,-12916,
Washington,to_San_Antonio,US:Tennessee,13265,86643,,,,0,,-13265,
Boston,to_San_Antonio,US:Tennessee,12862,112041,,,,0,,-12862,
Philadelphia,to_San_Antonio,US:Tennessee,12953,94853,,,,0,,-12953,
Los,Angeles_to_Atlanta,US:Georgia,3486,117688,,,,0,,-3486,
Los,Angeles_to_Boston,US:Massachusetts,3615,158854,,,,0,,-3615,
Miami,to_Seattle,US:Florida,21480,176714,,,,0,,-21480,
Miami,to_Minneapolis,US:Illinois,24968,95707,,,,0,,-24968,
Atlanta,to_Minneapolis,US:Illinois,20761,60687,,,,0,,-20761,
Boston,to_Minneapolis,US:Illinois,5088,76672,,,,0,,-5088,
Detroit,to_Minneapolis,US:Illinois,5088,38173,,,,0,,-5088,
Philadelphia,to_Minneapolis,US:Illinois,5061,63966,,,,0,,-5061,
Washington,to_Minneapolis,US:Illinois,5061,61229,,,,0,,-5061,
Chicago,to_Minneapolis,US:Illinois,4647,22904,,,,0,,-4647,
San,Francisco_to_Denver,US:Nevada,17790,67936,,,,0,,-17790,
San,Francisco_to_Detroit,US:Iowa,15346,132354,,,,0,,-15346,
New,York_to_Chicago,US:Pennsylvania,17572,48354,,,,0,,-17572,
Philadelphia,to_San_Antonio,US:Pennsylvania,6985,94853,,,,0,,-6985,
Boston,to_San_Antonio,US:Pennsylvania,18667,112041,,,,0,,-18667,
Atlanta,to_San_Francisco,US:Arizona,18620,136515,,,,0,,-18620,
Washington,to_San_Francisco,US:Arizona,18399,161439,,,,0,,-18399,
Miami,to_San_Francisco,US:Arizona,18620,165206,,,,0,,-18620,
Houston,to_San_Francisco,US:Arizona,18621,106137,,,,0,,-18621,
Dallas,to_San_Francisco,US:Arizona,18621,94529,,,,0,,-18621,
Phoenix,to_San_Francisco,US:Arizona,7566,46747,,,,0,,-7566,
Philadelphia,to_Seattle,US:Idaho,15959,155984,,,,0,,-15959,
Detroit,to_Seattle,US:Idaho,15959,130289,,,,0,,-15959,
Phoenix,to_Seattle,US:Idaho,9680,81471,,,,0,,-9680,
Dallas,to_Seattle,US:Idaho,16314,115253,,,,0,,-16314,
Houston,to_Seattle,US:Idaho,16314,127558,,,,0,,-16314,
Boston,to_Seattle,US:Idaho,15959,168749,,,,0,,-15959,
Atlanta,to_Seattle,US:Idaho,15959,141995,,,,0,,-15959,
Washington,to_Seattle,US:Idaho,15959,153310,,,,0,,-15959,
Miami,to_Seattle,US:Idaho,15959,176714,,,,0,,-15959,
Los,Angeles_to_Washington,US:Indiana,8670,140641,,,,0,,-8670,
San,Diego_to_Austin,US:California,17720,70175,,,,0,,-17720,
San,Francisco_to_Orlando,US:Florida,25734,154062,,,,0,,-25734,
New,York_to_Denver,US:New Jersey,3927,101264,,,,0,,-3927,
San,Diego_to_Denver,US:Colorado,13625,56863,,,,0,,-13625,
Los,Angeles_to_Atlanta,US:Arizona,18663,117688,,,,0,,-18663,
San,Francisco_to_Detroit,US:Michigan,8219,132354,,,,0,,-8219,
Charlotte,to_Austin,US:North Carolina,2331,65269,,,,0,,-2331,
Houston,to_Boston,US:Pennsylvania,19000,102689,,,,0,,-19000,
Phoenix,to_Boston,US:Pennsylvania,21217,141677,,,,0,,-21217,
Philadelphia,to_Boston,US:Pennsylvania,1771,19871,,,,0,,-1771,
Atlanta,to_Boston,US:Pennsylvania,19000,63022,,,,0,,-19000,
Chicago,to_Boston,US:Pennsylvania,21397,55295,,,,0,,-21397,
Dallas,to_Boston,US:Pennsylvania,19000,97906,,,,0,,-19000,
Chicago,to_Houston,US:Arkansas,16674,60100,,,,0,,-16674,
Los,Angeles_to_Denver,US:Nevada,6909,53580,,,,0,,-6909,
Atlanta,to_Minneapolis,US:Kentucky,6451,60687,,,,0,,-6451,
Miami,to_Minneapolis,US:Kentucky,6451,95707,,,,0,,-6451,
San,Francisco_to_Charlotte,US:Arkansas,14683,147305,,,,0,,-14683,
Atlanta,to_Seattle,US:Georgia,6513,141995,,,,0,,-6513,
Miami,to_Seattle,US:Georgia,19640,176714,,,,0,,-19640,
Minneapolis,to_Austin,US:Minnesota,5628,61291,,,,0,,-5628,
Houston,to_Baltimore,US:Georgia,1982,78533,,,,0,,-1982,
Orlando,to_Baltimore,US:Georgia,7505,49132,,,,0,,-7505,
Miami,to_Baltimore,US:Georgia,7505,59855,,,,0,,-7505,
Atlanta,to_Baltimore,US:Georgia,5868,38865,,,,0,,-5868,
Miami,to_Denver,US:Florida,23146,109435,,,,0,,-23146,
Los,Angeles_to_Charlotte,US:Alabama,11376,130592,,,,0,,-11376,
Los,Angeles_to_Boston,US:Arizona,17898,158854,,,,0,,-17898,
Los,Angeles_to_Boston,US:Pennsylvania,21217,158854,,,,0,,-21217,
Los,Angeles_to_Detroit,US:Missouri,15385,122653,,,,0,,-15385,
New,York_to_Washington,US:Maryland,5319,18936,,,,0,,-5319,
Dallas,to_Denver,US:New Mexico,7764,43813,,,,0,,-7764,
Houston,to_Denver,US:New Mexico,7764,56238,,,,0,,-7764,
Dallas,to_Baltimore,US:Tennessee,28831,74016,,,,0,,-28831,
Houston,to_Baltimore,US:Tennessee,14486,78533,,,,0,,-14486,
Chicago,to_Charlotte,US:Virginia,2041,42002,,,,0,,-2041,
Washington,to_Charlotte,US:Virginia,11033,22188,,,,0,,-11033,
Boston,to_Charlotte,US:Virginia,13449,49220,,,,0,,-13449,
Philadelphia,to_Charlotte,US:Virginia,19910,31688,,,,0,,-19910,
Detroit,to_Charlotte,US:Virginia,2041,35892,,,,0,,-2041,
Minneapolis,to_Charlotte,US:Virginia,2041,65677,,,,0,,-2041,
Miami,to_Phoenix,US:Mississippi,12673,129487,,,,0,,-12673,
Atlanta,to_Phoenix,US:Mississippi,7246,101642,,,,0,,-7246,
New,York_to_Houston,US:Pennsylvania,11549,92793,,,,0,,-11549,
San,Diego_to_Baltimore,US:Pennsylvania,4705,144492,,,,0,,-4705,
Charlotte,to_Austin,US:Louisiana,10200,65269,,,,0,,-10200,
Miami,to_Austin,US:Louisiana,13114,72505,,,,0,,-13114,
Orlando,to_Austin,US:Louisiana,13279,61329,,,,0,,-13279,
Atlanta,to_Austin,US:Louisiana,12938,51621,,,,0,,-12938,
Detroit,to_San_Diego,US:Missouri,15485,125902,,,,0,,-15485,
Boston,to_San_Diego,US:Missouri,15417,161486,,,,0,,-15417,
Philadelphia,to_San_Diego,US:Missouri,15440,147030,,,,0,,-15440,
Chicago,to_San_Diego,US:Missouri,15386,113043,,,,0,,-15386,
Chicago,to_Philadelphia,US:Illinois,1538,42685,,,,0,,-1538,
Los,Angeles_to_Dallas,US:California,15232,76841,,,,0,,-15232,
New,York_to_Charlotte,US:New York,4093,39917,,,,0,,-4093,
Chicago,to_Seattle,US:Wisconsin,15897,109490,,,,0,,-15897,
Washington,to_Atlanta,US:District of Columbia,328,35845,,,,0,,-328,
Boston,to_San_Antonio,US:Connecticut,5535,112041,,,,0,,-5535,
San,Diego_to_Denver,US:Utah,20966,56863,,,,0,,-20966,
Los,Angeles_to_Austin,US:New Mexico,3392,73702,,,,0,,-3392,
Los,Angeles_to_Minneapolis,US:Colorado,19619,100404,,,,0,,-19619,
New,York_to_Austin,US:Arkansas,14963,97872,,,,0,,-14963,
Los,Angeles_to_Baltimore,US:Pennsylvania,4705,140506,,,,0,,-4705,
Dallas,to_Orlando,US:Texas,8930,60019,,,,0,,-8930,
Phoenix,to_Orlando,US:Texas,43752,118404,,,,0,,-43752,
Houston,to_Orlando,US:Texas,7265,52397,,,,0,,-7265,
Boston,to_Orlando,US:Virginia,10263,73656,,,,0,,-10263,
Philadelphia,to_Orlando,US:Virginia,10403,55025,,,,0,,-10403,
Washington,to_Orlando,US:Virginia,10113,46557,,,,0,,-10113,
Detroit,to_Orlando,US:Virginia,2041,64496,,,,0,,-2041,
Houston,to_Philadelphia,US:Alabama,13718,85049,,,,0,,-13718,
Seattle,to_Minneapolis,US:Idaho,14838,87458,,,,0,,-14838,
Miami,to_Phoenix,US:New Mexico,16967,129487,,,,0,,-16967,
Atlanta,to_Phoenix,US:New Mexico,20157,101642,,,,0,,-20157,
Houston,to_Phoenix,US:New Mexico,16267,67349,,,,0,,-16267,
Dallas,to_Phoenix,US:New Mexico,17461,58407,,,,0,,-17461,
Philadelphia,to_Phoenix,US:New Mexico,19581,126633,,,,0,,-19581,
Chicago,to_Phoenix,US:New Mexico,15729,92857,,,,0,,-15729,
Washington,to_Phoenix,US:New Mexico,19581,123722,,,,0,,-19581,
New,York_to_Los_Angeles,US:Oklahoma,17869,151672,,,,0,,-17869,
New,York_to_Atlanta,US:South Carolina,7733,53432,,,,0,,-7733,
New,York_to_Boston,US:New York,1743,14542,,,,0,,-1743,
Phoenix,to_Minneapolis,US:Iowa,14608,90847,,,,0,,-14608,
Houston,to_Minneapolis,US:Iowa,11792,66023,,,,0,,-11792,
Dallas,to_Minneapolis,US:Iowa,11774,53412,,,,0,,-11774,
Minneapolis,to_San_Antonio,US:Oklahoma,10592,65525,,,,0,,-10592,
Los,Angeles_to_Detroit,US:Ohio,6263,122653,,,,0,,-6263,
New,York_to_San_Francisco,US:Utah,10602,164699,,,,0,,-10602,
San,Diego_to_Orlando,US:Mississippi,12513,136630,,,,0,,-12513,
San,Diego_to_San_Antonio,US:Arizona,14499,67777,,,,0,,-14499,
Philadelphia,to_Phoenix,US:Indiana,8560,126633,,,,0,,-8560,
Washington,to_Phoenix,US:Indiana,8482,123722,,,,0,,-8482,
San,Francisco_to_Seattle,US:California,22625,51024,,,,0,,-22625,
New,York_to_Orlando,US:Virginia,10311,64900,,,,0,,-10311,
Los,Angeles_to_Detroit,US:Indiana,11832,122653,,,,0,,-11832,
San,Francisco_to_Detroit,US:Nevada,24414,132354,,,,0,,-24414,
Phoenix,to_Charlotte,US:Mississippi,6908,114377,,,,0,,-6908,
Dallas,to_Charlotte,US:Mississippi,8207,55727,,,,0,,-8207,
Houston,to_Charlotte,US:Mississippi,5167,56272,,,,0,,-5167,
New,York_to_Boston,US:Connecticut,8562,14542,,,,0,,-8562,
Los,Angeles_to_San_Antonio,US:California,15087,71424,,,,0,,-15087,
Los,Angeles_to_Philadelphia,US:Texas,11559,144123,,,,0,,-11559,
Chicago,to_Dallas,US:Illinois,18861,51582,,,,0,,-18861,
Los,Angeles_to_Baltimore,US:Oklahoma,17997,140506,,,,0,,-17997,
Washington,to_Phoenix,US:Illinois,8452,123722,,,,0,,-8452,
Philadelphia,to_Phoenix,US:Illinois,8472,126633,,,,0,,-8472,
Chicago,to_Phoenix,US:Illinois,16786,92857,,,,0,,-16786,
San,Diego_to_Baltimore,US:Arizona,19858,144492,,,,0,,-19858,
Philadelphia,to_Phoenix,US:West Virginia,220,126633,,,,0,,-220,
Philadelphia,to_San_Diego,US:Pennsylvania,19908,147030,,,,0,,-19908,
Boston,to_San_Diego,US:Pennsylvania,20960,161486,,,,0,,-20960,
Chicago,to_Washington,US:Pennsylvania,11504,39416,,,,0,,-11504,
San,Francisco_to_Orlando,US:California,33618,154062,,,,0,,-33618,
New,York_to_San_Francisco,US:Illinois,9006,164699,,,,0,,-9006,
Phoenix,to_Baltimore,US:Indiana,8693,123014,,,,0,,-8693,
Seattle,to_Baltimore,US:Indiana,9166,152696,,,,0,,-9166,
Denver,to_Baltimore,US:Indiana,9640,92438,,,,0,,-9640,
Minneapolis,to_Baltimore,US:Indiana,9207,60746,,,,0,,-9207,
Chicago,to_Baltimore,US:Indiana,8542,39401,,,,0,,-8542,
Washington,to_Miami,US:Virginia,9996,56770,,,,0,,-9996,
Houston,to_San_Francisco,US:New Mexico,15435,106137,,,,0,,-15435,
Atlanta,to_San_Francisco,US:New Mexico,15435,136515,,,,0,,-15435,
Dallas,to_San_Francisco,US:New Mexico,15435,94529,,,,0,,-15435,
Washington,to_San_Francisco,US:New Mexico,19581,161439,,,,0,,-19581,
Miami,to_San_Francisco,US:New Mexico,15435,165206,,,,0,,-15435,
Denver,to_Charlotte,US:Kansas,21599,84603,,,,0,,-21599,
Dallas,to_Washington,US:Virginia,19644,72360,,,,0,,-19644,
Houston,to_Washington,US:Virginia,19644,76878,,,,0,,-19644,
New,York_to_Los_Angeles,US:Missouri,15427,151672,,,,0,,-15427,
San,Francisco_to_Seattle,US:Oregon,18868,51024,,,,0,,-18868,
Miami,to_Boston,US:New Jersey,8464,84467,,,,0,,-8464,
Philadelphia,to_Boston,US:New Jersey,5774,19871,,,,0,,-5774,
Washington,to_Boston,US:New Jersey,8464,27923,,,,0,,-8464,
Los,Angeles_to_Orlando,US:California,15232,136602,,,,0,,-15232,
Miami,to_Boston,US:Florida,19284,84467,,,,0,,-19284,
New,York_to_San_Antonio,US:Tennessee,13235,102814,,,,0,,-13235,
San,Diego_to_Denver,US:Nevada,6968,56863,,,,0,,-6968,
Chicago,to_Charlotte,US:West Virginia,10403,42002,,,,0,,-10403,
Minneapolis,to_Charlotte,US:West Virginia,10401,65677,,,,0,,-10401,
Detroit,to_Charlotte,US:West Virginia,13210,35892,,,,0,,-13210,
Miami,to_Philadelphia,US:North Carolina,9725,65722,,,,0,,-9725,
New,York_to_Los_Angeles,US:Texas,7775,151672,,,,0,,-7775,
Minneapolis,to_San_Antonio,US:Minnesota,5612,65525,,,,0,,-5612,
Seattle,to_Austin,US:Oregon,11267,121352,,,,0,,-11267,
Chicago,to_Detroit,US:Indiana,980,16383,,,,0,,-980,
Dallas,to_Detroit,US:Indiana,11832,63401,,,,0,,-11832,
Phoenix,to_Detroit,US:Indiana,11832,105507,,,,0,,-11832,
Houston,to_Detroit,US:Indiana,11832,71912,,,,0,,-11832,
Los,Angeles_to_Philadelphia,US:Missouri,15435,144123,,,,0,,-15435,
Phoenix,to_Detroit,US:Arizona,16036,105507,,,,0,,-16036,
Boston,to_Seattle,US:Pennsylvania,16534,168749,,,,0,,-16534,
Washington,to_Seattle,US:Pennsylvania,11005,153310,,,,0,,-11005,
Philadelphia,to_Seattle,US:Pennsylvania,19709,155984,,,,0,,-19709,
Los,Angeles_to_Baltimore,US:New Mexico,16006,140506,,,,0,,-16006,
Miami,to_Seattle,US:Wyoming,27732,176714,,,,0,,-27732,
Philadelphia,to_Seattle,US:Wyoming,27731,155984,,,,0,,-27731,
Boston,to_Seattle,US:Wyoming,27731,168749,,,,0,,-27731,
Detroit,to_Seattle,US:Wyoming,27731,130289,,,,0,,-27731,
Washington,to_Seattle,US:Wyoming,27731,153310,,,,0,,-27731,
Atlanta,to_Seattle,US:Wyoming,27731,141995,,,,0,,-27731,
Dallas,to_Atlanta,US:Mississippi,8238,42646,,,,0,,-8238,
Houston,to_Atlanta,US:Mississippi,5167,42806,,,,0,,-5167,
Los,Angeles_to_Phoenix,US:California,14246,21937,,,,0,,-14246,
New,York_to_Atlanta,US:Pennsylvania,11549,53432,,,,0,,-11549,
Los,Angeles_to_Charlotte,US:Arizona,18663,130592,,,,0,,-18663,
Los,Angeles_to_Chicago,US:Texas,11285,110186,,,,0,,-11285,
Boston,to_Charlotte,US:Connecticut,5296,49220,,,,0,,-5296,
Boston,to_Baltimore,US:Massachusetts,4110,25436,,,,0,,-4110,
New,York_to_Houston,US:Mississippi,9961,92793,,,,0,,-9961,
New,York_to_Seattle,US:Nebraska,21506,160950,,,,0,,-21506,
Los,Angeles_to_Washington,US:Arizona,18342,140641,,,,0,,-18342,
Chicago,to_Miami,US:Illinois,19321,76057,,,,0,,-19321,
New,York_to_San_Francisco,US:New York,4093,164699,,,,0,,-4093,
New,York_to_Chicago,US:Illinois,1331,48354,,,,0,,-1331,
Seattle,to_Charlotte,US:Idaho,16023,151182,,,,0,,-16023,
Miami,to_Philadelphia,US:Georgia,7440,65722,,,,0,,-7440,
Los,Angeles_to_Boston,US:Indiana,8699,158854,,,,0,,-8699,
San,Diego_to_Charlotte,US:North Carolina,3864,132415,,,,0,,-3864,
Washington,to_Denver,US:District of Columbia,613,92977,,,,0,,-613,
Boston,to_Orlando,US:Massachusetts,4110,73656,,,,0,,-4110,
New,York_to_Detroit,US:Ohio,9364,37858,,,,0,,-9364,
San,Diego_to_Baltimore,US:Ohio,11894,144492,,,,0,,-11894,
Los,Angeles_to_San_Diego,US:California,7778,7778,,,,0,,-7778,
Miami,to_San_Antonio,US:Florida,36123,73883,,,,0,,-36123,
Orlando,to_San_Antonio,US:Florida,24493,62520,,,,0,,-24493,
Dallas,to_Boston,US:Virginia,17324,97906,,,,0,,-17324,
Miami,to_Boston,US:Virginia,10414,84467,,,,0,,-10414,
Atlanta,to_Boston,US:Virginia,14308,63022,,,,0,,-14308,
Houston,to_Boston,US:Virginia,17324,102689,,,,0,,-17324,
Los,Angeles_to_Philadelphia,US:Arizona,18411,144123,,,,0,,-18411,
Seattle,to_San_Diego,US:Oregon,16043,80734,,,,0,,-16043,
New,York_to_Austin,US:Texas,18572,97872,,,,0,,-18572,
San,Francisco_to_Austin,US:New Mexico,15478,99768,,,,0,,-15478,
New,York_to_Minneapolis,US:Indiana,9091,68991,,,,0,,-9091,
Phoenix,to_Baltimore,US:Oklahoma,17997,123014,,,,0,,-17997,
Washington,to_Detroit,US:District of Columbia,613,29666,,,,0,,-613,
New,York_to_Houston,US:New York,4093,92793,,,,0,,-4093,
Los,Angeles_to_Dallas,US:Arizona,17144,76841,,,,0,,-17144,
New,York_to_Charlotte,US:New Jersey,5719,39917,,,,0,,-5719,
San,Francisco_to_Baltimore,US:Colorado,341,156314,,,,0,,-341,
Philadelphia,to_Charlotte,US:North Carolina,5016,31688,,,,0,,-5016,
Chicago,to_Charlotte,US:North Carolina,5016,42002,,,,0,,-5016,
Minneapolis,to_Charlotte,US:North Carolina,5016,65677,,,,0,,-5016,
Miami,to_Charlotte,US:North Carolina,193,39686,,,,0,,-193,
Orlando,to_Charlotte,US:North Carolina,193,29043,,,,0,,-193,
Atlanta,to_Charlotte,US:North Carolina,2435,14430,,,,0,,-2435,
Boston,to_Charlotte,US:North Carolina,5016,49220,,,,0,,-5016,
Detroit,to_Charlotte,US:North Carolina,5060,35892,,,,0,,-5060,
Houston,to_Charlotte,US:North Carolina,2435,56272,,,,0,,-2435,
Denver,to_Charlotte,US:North Carolina,11741,84603,,,,0,,-11741,
Washington,to_Charlotte,US:North Carolina,10827,22188,,,,0,,-10827,
Dallas,to_Charlotte,US:North Carolina,2949,55727,,,,0,,-2949,
Seattle,to_Charlotte,US:North Carolina,11741,151182,,,,0,,-11741,
Phoenix,to_Charlotte,US:North Carolina,3864,114377,,,,0,,-3864,
Phoenix,to_Baltimore,US:West Virginia,2777,123014,,,,0,,-2777,
New,York_to_Minneapolis,US:Minnesota,1909,68991,,,,0,,-1909,
Chicago,to_Washington,US:Indiana,8537,39416,,,,0,,-8537,
Boston,to_Minneapolis,US:Pennsylvania,16587,76672,,,,0,,-16587,
Washington,to_Minneapolis,US:Pennsylvania,11005,61229,,,,0,,-11005,
Philadelphia,to_Minneapolis,US:Pennsylvania,19709,63966,,,,0,,-19709,
New,York_to_San_Diego,US:Missouri,15427,154875,,,,0,,-15427,
New,York_to_Denver,US:Nebraska,19156,101264,,,,0,,-19156,
New,York_to_San_Francisco,US:Indiana,9235,164699,,,,0,,-9235,
New,York_to_San_Antonio,US:Texas,14522,102814,,,,0,,-14522,
Philadelphia,to_Minneapolis,US:Ohio,11967,63966,,,,0,,-11967,
Boston,to_Minneapolis,US:Ohio,11566,76672,,,,0,,-11566,
Washington,to_Minneapolis,US:Ohio,11967,61229,,,,0,,-11967,
Los,Angeles_to_Baltimore,US:Illinois,8901,140506,,,,0,,-8901,
Minneapolis,to_Baltimore,US:Minnesota,2038,60746,,,,0,,-2038,
New,York_to_Miami,US:Florida,19294,75617,,,,0,,-19294,
Miami,to_Minneapolis,US:Tennessee,9760,95707,,,,0,,-9760,
Atlanta,to_Minneapolis,US:Tennessee,9760,60687,,,,0,,-9760,
Los,Angeles_to_Minneapolis,US:Utah,23772,100404,,,,0,,-23772,
New,York_to_Minneapolis,US:Ohio,11566,68991,,,,0,,-11566,
Phoenix,to_Charlotte,US:Arizona,13481,114377,,,,0,,-13481,
Philadelphia,to_Orlando,US:Pennsylvania,1599,55025,,,,0,,-1599,
San,Francisco_to_Detroit,US:Wyoming,19896,132354,,,,0,,-19896,
Seattle,to_Charlotte,US:Washington,14566,151182,,,,0,,-14566,
Los,Angeles_to_Orlando,US:New Mexico,17537,136602,,,,0,,-17537,
Boston,to_Austin,US:Tennessee,26893,107187,,,,0,,-26893,
Washington,to_Austin,US:Tennessee,27724,81997,,,,0,,-27724,
Philadelphia,to_Austin,US:Tennessee,27065,89927,,,,0,,-27065,
Baltimore,to_Austin,US:Tennessee,27329,83521,,,,0,,-27329,
Chicago,to_Boston,US:Ohio,11916,55295,,,,0,,-11916,
Phoenix,to_Boston,US:Ohio,14476,141677,,,,0,,-14476,
Dallas,to_Orlando,US:Alabama,2016,60019,,,,0,,-2016,
Phoenix,to_Orlando,US:Alabama,3698,118404,,,,0,,-3698,
Houston,to_Orlando,US:Alabama,4334,52397,,,,0,,-4334,
New,York_to_Seattle,US:New York,4093,160950,,,,0,,-4093,
San,Diego_to_San_Antonio,US:New Mexico,3392,67777,,,,0,,-3392,
San,Francisco_to_Minneapolis,US:Iowa,14408,109324,,,,0,,-14408,
Chicago,to_Philadelphia,US:Indiana,8778,42685,,,,0,,-8778,
Los,Angeles_to_San_Antonio,US:New Mexico,3392,71424,,,,0,,-3392,
New,York_to_San_Antonio,US:Louisiana,14646,102814,,,,0,,-14646,
New,York_to_Chicago,US:New York,4093,48354,,,,0,,-4093,
San,Diego_to_Baltimore,US:Missouri,15441,144492,,,,0,,-15441,
Atlanta,to_San_Diego,US:Alabama,12282,119947,,,,0,,-12282,
Miami,to_San_Diego,US:Alabama,3397,147792,,,,0,,-3397,
San,Diego_to_Baltimore,US:Indiana,8693,144492,,,,0,,-8693,
New,York_to_Phoenix,US:Missouri,15427,134478,,,,0,,-15427,
Boston,to_Baltimore,US:Connecticut,5714,25436,,,,0,,-5714,
New,York_to_Charlotte,US:North Carolina,5016,39917,,,,0,,-5016,
San,Francisco_to_Baltimore,US:Illinois,8240,156314,,,,0,,-8240,
Los,Angeles_to_Philadelphia,US:Indiana,8793,144123,,,,0,,-8793,
Boston,to_Seattle,US:New York,7028,168749,,,,0,,-7028,
New,York_to_San_Antonio,US:Mississippi,9961,102814,,,,0,,-9961,
Los,Angeles_to_Washington,US:Missouri,15324,140641,,,,0,,-15324,
Phoenix,to_Boston,US:New Mexico,15932,141677,,,,0,,-15932,
Dallas,to_Charlotte,US:Texas,8633,55727,,,,0,,-8633,
Houston,to_Charlotte,US:Texas,6487,56272,,,,0,,-6487,
Phoenix,to_Charlotte,US:Texas,40289,114377,,,,0,,-40289,
Miami,to_Denver,US:Kentucky,2831,109435,,,,0,,-2831,
Atlanta,to_Denver,US:Kentucky,2568,74779,,,,0,,-2568,
Los,Angeles_to_Seattle,US:Washington,9530,73197,,,,0,,-9530,
New,York_to_Washington,US:New York,4158,18936,,,,0,,-4158,
San,Diego_to_Orlando,US:Texas,44306,136630,,,,0,,-44306,
Philadelphia,to_Seattle,US:Iowa,16362,155984,,,,0,,-16362,
Boston,to_Seattle,US:Iowa,16362,168749,,,,0,,-16362,
Washington,to_Seattle,US:Iowa,16362,153310,,,,0,,-16362,
Miami,to_Seattle,US:Iowa,26,176714,,,,0,,-26,
Atlanta,to_Seattle,US:Iowa,26,141995,,,,0,,-26,
Detroit,to_Seattle,US:Iowa,16362,130289,,,,0,,-16362,
Phoenix,to_Boston,US:Oklahoma,17791,141677,,,,0,,-17791,
Washington,to_Denver,US:Ohio,13060,92977,,,,0,,-13060,
Philadelphia,to_Denver,US:Ohio,13122,96418,,,,0,,-13122,
Boston,to_Denver,US:Ohio,12084,107174,,,,0,,-12084,
New,York_to_Denver,US:Ohio,12862,101264,,,,0,,-12862,
Seattle,to_San_Diego,US:Nevada,22986,80734,,,,0,,-22986,
Minneapolis,to_San_Diego,US:Nevada,5170,102765,,,,0,,-5170,
Boston,to_San_Francisco,US:Wyoming,19836,170182,,,,0,,-19836,
Chicago,to_San_Francisco,US:Wyoming,19926,117212,,,,0,,-19926,
Philadelphia,to_San_Francisco,US:Wyoming,20140,160337,,,,0,,-20140,
Miami,to_San_Francisco,US:Mississippi,12610,165206,,,,0,,-12610,
Atlanta,to_San_Francisco,US:Mississippi,7129,136515,,,,0,,-7129,
Washington,to_Atlanta,US:North Carolina,10891,35845,,,,0,,-10891,
Philadelphia,to_Atlanta,US:North Carolina,4937,45202,,,,0,,-4937,
Dallas,to_Detroit,US:Missouri,4300,63401,,,,0,,-4300,
Phoenix,to_Detroit,US:Missouri,15385,105507,,,,0,,-15385,
Houston,to_Detroit,US:Missouri,4300,71912,,,,0,,-4300,
Detroit,to_Orlando,US:Michigan,3202,64496,,,,0,,-3202,
New,York_to_Dallas,US:New York,4093,88024,,,,0,,-4093,
Los,Angeles_to_Washington,US:New Mexico,16061,140641,,,,0,,-16061,
Detroit,to_Austin,US:Indiana,12388,73481,,,,0,,-12388,
Miami,to_San_Francisco,US:Florida,36002,165206,,,,0,,-36002,
San,Francisco_to_Denver,US:Colorado,13581,67936,,,,0,,-13581,
San,Francisco_to_Charlotte,US:Tennessee,668,147305,,,,0,,-668,
Houston,to_Baltimore,US:Louisiana,11813,78533,,,,0,,-11813,
Minneapolis,to_Orlando,US:Minnesota,1874,83467,,,,0,,-1874,
Philadelphia,to_Orlando,US:South Carolina,10370,55025,,,,0,,-10370,
Boston,to_Orlando,US:South Carolina,9937,73656,,,,0,,-9937,
Detroit,to_Orlando,US:South Carolina,13704,64496,,,,0,,-13704,
Washington,to_Orlando,US:South Carolina,8911,46557,,,,0,,-8911,
Miami,to_Phoenix,US:Florida,36115,129487,,,,0,,-36115,
Washington,to_Phoenix,US:Maryland,4944,123722,,,,0,,-4944,
New,York_to_Orlando,US:New York,4158,64900,,,,0,,-4158,
Los,Angeles_to_Chicago,US:Oklahoma,17662,110186,,,,0,,-17662,
Los,Angeles_to_Charlotte,US:Texas,11958,130592,,,,0,,-11958,
Los,Angeles_to_Boston,US:New Mexico,15932,158854,,,,0,,-15932,
Detroit,to_Denver,US:Michigan,9996,67864,,,,0,,-9996,
Chicago,to_Seattle,US:Montana,38177,109490,,,,0,,-38177,
Boston,to_San_Antonio,US:Massachusetts,4020,112041,,,,0,,-4020,
Los,Angeles_to_Charlotte,US:Georgia,7514,130592,,,,0,,-7514,
Atlanta,to_Seattle,US:Kentucky,2064,141995,,,,0,,-2064,
Miami,to_Seattle,US:Kentucky,2064,176714,,,,0,,-2064,
Seattle,to_Denver,US:Washington,14540,71538,,,,0,,-14540,
Phoenix,to_Baltimore,US:Arizona,16100,123014,,,,0,,-16100,
Minneapolis,to_Denver,US:Nebraska,17902,46634,,,,0,,-17902,
Philadelphia,to_Denver,US:Nebraska,19174,96418,,,,0,,-19174,
Washington,to_Denver,US:Nebraska,19174,92977,,,,0,,-19174,
Detroit,to_Denver,US:Nebraska,18710,67864,,,,0,,-18710,
Boston,to_Denver,US:Nebraska,18689,107174,,,,0,,-18689,
Chicago,to_Denver,US:Nebraska,19083,54510,,,,0,,-19083,
Houston,to_Washington,US:Louisiana,11813,76878,,,,0,,-11813,
Dallas,to_Seattle,US:New Mexico,6979,115253,,,,0,,-6979,
Houston,to_Seattle,US:New Mexico,22738,127558,,,,0,,-22738,
Washington,to_Miami,US:District of Columbia,328,56770,,,,0,,-328,
Atlanta,to_San_Antonio,US:Alabama,13413,53002,,,,0,,-13413,
Baltimore,to_San_Antonio,US:Alabama,13849,88244,,,,0,,-13849,
Orlando,to_San_Antonio,US:Alabama,4290,62520,,,,0,,-4290,
Miami,to_San_Antonio,US:Alabama,4634,73883,,,,0,,-4634,
Boston,to_San_Antonio,US:Alabama,13286,112041,,,,0,,-13286,
Washington,to_San_Antonio,US:Alabama,13849,86643,,,,0,,-13849,
Philadelphia,to_San_Antonio,US:Alabama,13849,94853,,,,0,,-13849,
Charlotte,to_San_Antonio,US:Alabama,13372,66485,,,,0,,-13372,
New,York_to_Miami,US:Georgia,7401,75617,,,,0,,-7401,
Chicago,to_San_Francisco,US:Illinois,10465,117212,,,,0,,-10465,
Philadelphia,to_San_Francisco,US:Illinois,8646,160337,,,,0,,-8646,
Boston,to_San_Francisco,US:Illinois,9018,170182,,,,0,,-9018,
New,York_to_Washington,US:New Jersey,8640,18936,,,,0,,-8640,
Los,Angeles_to_Austin,US:California,15088,73702,,,,0,,-15088,
San,Diego_to_Orlando,US:California,11991,136630,,,,0,,-11991,
Seattle,to_Orlando,US:Oregon,11267,164664,,,,0,,-11267,
San,Francisco_to_Charlotte,US:Georgia,5697,147305,,,,0,,-5697,
Chicago,to_Atlanta,US:Tennessee,7703,40719,,,,0,,-7703,
Washington,to_Detroit,US:Maryland,4932,29666,,,,0,,-4932,
New,York_to_Los_Angeles,US:New Jersey,3927,151672,,,,0,,-3927,
Atlanta,to_San_Antonio,US:Georgia,4808,53002,,,,0,,-4808,
Charlotte,to_San_Antonio,US:Georgia,9720,66485,,,,0,,-9720,
New,York_to_San_Francisco,US:Iowa,16111,164699,,,,0,,-16111,
New,York_to_Dallas,US:Tennessee,27338,88024,,,,0,,-27338,
Charlotte,to_Austin,US:Mississippi,8440,65269,,,,0,,-8440,
Orlando,to_Austin,US:Mississippi,3882,61329,,,,0,,-3882,
Miami,to_Austin,US:Mississippi,3472,72505,,,,0,,-3472,
Atlanta,to_Austin,US:Mississippi,5333,51621,,,,0,,-5333,
Detroit,to_Charlotte,US:Michigan,3202,35892,,,,0,,-3202,
Washington,to_Charlotte,US:District of Columbia,328,22188,,,,0,,-328,
New,York_to_Minneapolis,US:New Jersey,3916,68991,,,,0,,-3916,
Detroit,to_San_Antonio,US:Ohio,5476,77644,,,,0,,-5476,
San,Francisco_to_Charlotte,US:South Carolina,11453,147305,,,,0,,-11453,
New,York_to_Los_Angeles,US:Ohio,14925,151672,,,,0,,-14925,
Los,Angeles_to_Atlanta,US:Alabama,11161,117688,,,,0,,-11161,
New,York_to_Dallas,US:Arkansas,14900,88024,,,,0,,-14900,
New,York_to_Orlando,US:New Jersey,8640,64900,,,,0,,-8640,
San,Francisco_to_Minneapolis,US:Minnesota,5434,109324,,,,0,,-5434,
San,Francisco_to_Orlando,US:Texas,34594,154062,,,,0,,-34594,
San,Francisco_to_Minneapolis,US:Nevada,24414,109324,,,,0,,-24414,
New,York_to_San_Antonio,US:New York,4093,102814,,,,0,,-4093,
Phoenix,to_Charlotte,US:South Carolina,4532,114377,,,,0,,-4532,
Dallas,to_Charlotte,US:South Carolina,5634,55727,,,,0,,-5634,
Orlando,to_Charlotte,US:South Carolina,12969,29043,,,,0,,-12969,
Miami,to_Charlotte,US:South Carolina,12549,39686,,,,0,,-12549,
Houston,to_Charlotte,US:South Carolina,6166,56272,,,,0,,-6166,
Atlanta,to_Charlotte,US:South Carolina,5982,14430,,,,0,,-5982,
Los,Angeles_to_Austin,US:Arizona,20779,73702,,,,0,,-20779,
Los,Angeles_to_Orlando,US:Alabama,1946,136602,,,,0,,-1946,
New,York_to_Baltimore,US:New York,4158,16445,,,,0,,-4158,
Minneapolis,to_Orlando,US:Illinois,21383,83467,,,,0,,-21383,
Chicago,to_Orlando,US:Illinois,19321,64243,,,,0,,-19321,
Seattle,to_Orlando,US:Illinois,8799,164664,,,,0,,-8799,
Denver,to_Orlando,US:Illinois,8864,97940,,,,0,,-8864,
Houston,to_Philadelphia,US:Virginia,21605,85049,,,,0,,-21605,
Dallas,to_Philadelphia,US:Virginia,19042,79714,,,,0,,-19042,
Miami,to_Philadelphia,US:Virginia,10554,65722,,,,0,,-10554,
Miami,to_San_Francisco,US:Alabama,3340,165206,,,,0,,-3340,
Atlanta,to_San_Francisco,US:Alabama,12107,136515,,,,0,,-12107,
New,York_to_Phoenix,US:Illinois,8472,134478,,,,0,,-8472,
New,York_to_San_Diego,US:Oklahoma,17869,154875,,,,0,,-17869,
New,York_to_Atlanta,US:New Jersey,5719,53432,,,,0,,-5719,
San,Francisco_to_Orlando,US:Mississippi,12457,154062,,,,0,,-12457,
Los,Angeles_to_Houston,US:Texas,42669,81928,,,,0,,-42669,
San,Francisco_to_San_Antonio,US:Texas,29783,98020,,,,0,,-29783,
Los,Angeles_to_Orlando,US:Arizona,17144,136602,,,,0,,-17144,
Los,Angeles_to_Houston,US:New Mexico,3392,81928,,,,0,,-3392,
San,Diego_to_Baltimore,US:California,17720,144492,,,,0,,-17720,
Chicago,to_Dallas,US:Texas,8734,51582,,,,0,,-8734,
Houston,to_Miami,US:Louisiana,12502,63581,,,,0,,-12502,
Dallas,to_Miami,US:Louisiana,10400,71747,,,,0,,-10400,
New,York_to_Chicago,US:Indiana,8060,48354,,,,0,,-8060,
Houston,to_Minneapolis,US:Texas,20037,66023,,,,0,,-20037,
Dallas,to_Minneapolis,US:Texas,7695,53412,,,,0,,-7695,
Miami,to_Denver,US:Georgia,18022,109435,,,,0,,-18022,
Atlanta,to_Denver,US:Georgia,6513,74779,,,,0,,-6513,
Chicago,to_Boston,US:Indiana,8542,55295,,,,0,,-8542,
Phoenix,to_Boston,US:Indiana,8699,141677,,,,0,,-8699,
Los,Angeles_to_Boston,US:California,15323,158854,,,,0,,-15323,
Boston,to_Minneapolis,US:Connecticut,5966,76672,,,,0,,-5966,
New,York_to_San_Francisco,US:Nevada,22725,164699,,,,0,,-22725,
Los,Angeles_to_Boston,US:Ohio,14476,158854,,,,0,,-14476,
Chicago,to_Washington,US:Illinois,1538,39416,,,,0,,-1538,
New,York_to_Austin,US:New York,4093,97872,,,,0,,-4093,
Miami,to_San_Diego,US:Louisiana,10433,147792,,,,0,,-10433,
Atlanta,to_San_Diego,US:Louisiana,10433,119947,,,,0,,-10433,
Los,Angeles_to_Washington,US:West Virginia,2777,140641,,,,0,,-2777,
Los,Angeles_to_Atlanta,US:Tennessee,668,117688,,,,0,,-668,
Minneapolis,to_San_Antonio,US:Kansas,12404,65525,,,,0,,-12404,
Washington,to_San_Francisco,US:Tennessee,28075,161439,,,,0,,-28075,
Phoenix,to_Seattle,US:Nevada,28989,81471,,,,0,,-28989,
Minneapolis,to_San_Diego,US:Colorado,19284,102765,,,,0,,-19284,
Los,Angeles_to_Atlanta,US:Mississippi,6604,117688,,,,0,,-6604,
Detroit,to_Seattle,US:Michigan,15110,130289,,,,0,,-15110,
Charlotte,to_Austin,US:Alabama,11463,65269,,,,0,,-11463,
Atlanta,to_Austin,US:Alabama,13413,51621,,,,0,,-13413,
Orlando,to_Austin,US:Alabama,4352,61329,,,,0,,-4352,
Miami,to_Austin,US:Alabama,4634,72505,,,,0,,-4634,
Miami,to_Detroit,US:Georgia,5368,75361,,,,0,,-5368,
Atlanta,to_Detroit,US:Georgia,7357,40156,,,,0,,-7357,
Boston,to_Denver,US:New York,2681,107174,,,,0,,-2681,
Houston,to_Philadelphia,US:Mississippi,9583,85049,,,,0,,-9583,
Baltimore,to_San_Antonio,US:Virginia,20188,88244,,,,0,,-20188,
Boston,to_San_Antonio,US:Virginia,15892,112041,,,,0,,-15892,
Washington,to_San_Antonio,US:Virginia,20452,86643,,,,0,,-20452,
Philadelphia,to_San_Antonio,US:Virginia,22327,94853,,,,0,,-22327,
New,York_to_San_Diego,US:New Jersey,3927,154875,,,,0,,-3927,
Washington,to_Atlanta,US:Georgia,5860,35845,,,,0,,-5860,
Chicago,to_Atlanta,US:Georgia,6504,40719,,,,0,,-6504,
Houston,to_Atlanta,US:Georgia,4619,42806,,,,0,,-4619,
Dallas,to_Atlanta,US:Georgia,3968,42646,,,,0,,-3968,
Philadelphia,to_Atlanta,US:Georgia,5860,45202,,,,0,,-5860,
Miami,to_Atlanta,US:Georgia,13092,36083,,,,0,,-13092,
Phoenix,to_Charlotte,US:Georgia,7827,114377,,,,0,,-7827,
Atlanta,to_Charlotte,US:Georgia,6014,14430,,,,0,,-6014,
Miami,to_Charlotte,US:Georgia,7239,39686,,,,0,,-7239,
Houston,to_Charlotte,US:Georgia,9656,56272,,,,0,,-9656,
Dallas,to_Charlotte,US:Georgia,7969,55727,,,,0,,-7969,
Orlando,to_Charlotte,US:Georgia,6067,29043,,,,0,,-6067,
Seattle,to_San_Antonio,US:Idaho,11682,119604,,,,0,,-11682,
San,Diego_to_Charlotte,US:Texas,40262,132415,,,,0,,-40262,
Houston,to_San_Antonio,US:Texas,10514,10514,,,,0,,-10514,
Baltimore,to_San_Antonio,US:Texas,17289,88244,,,,0,,-17289,
Seattle,to_San_Antonio,US:Texas,22728,119604,,,,0,,-22728,
Miami,to_San_Antonio,US:Texas,16539,73883,,,,0,,-16539,
Denver,to_San_Antonio,US:Texas,31673,50184,,,,0,,-31673,
Phoenix,to_San_Antonio,US:Texas,28363,50650,,,,0,,-28363,
Atlanta,to_San_Antonio,US:Texas,16510,53002,,,,0,,-16510,
Washington,to_San_Antonio,US:Texas,17289,86643,,,,0,,-17289,
Chicago,to_San_Antonio,US:Texas,22708,65259,,,,0,,-22708,
Boston,to_San_Antonio,US:Texas,14510,112041,,,,0,,-14510,
Orlando,to_San_Antonio,US:Texas,16576,62520,,,,0,,-16576,
Philadelphia,to_San_Antonio,US:Texas,14522,94853,,,,0,,-14522,
Minneapolis,to_San_Antonio,US:Texas,19037,65525,,,,0,,-19037,
Charlotte,to_San_Antonio,US:Texas,17427,66485,,,,0,,-17427,
Detroit,to_San_Antonio,US:Texas,22738,77644,,,,0,,-22738,
Dallas,to_San_Antonio,US:Texas,14274,14274,,,,0,,-14274,
New,York_to_Miami,US:Maryland,5675,75617,,,,0,,-5675,
Boston,to_San_Francisco,US:Indiana,9235,170182,,,,0,,-9235,
Philadelphia,to_San_Francisco,US:Indiana,9832,160337,,,,0,,-9832,
Philadelphia,to_San_Francisco,US:Nebraska,23641,160337,,,,0,,-23641,
Chicago,to_San_Francisco,US:Nebraska,22836,117212,,,,0,,-22836,
Boston,to_San_Francisco,US:Nebraska,22830,170182,,,,0,,-22830,
Philadelphia,to_Phoenix,US:Oklahoma,17898,126633,,,,0,,-17898,
Chicago,to_Phoenix,US:Oklahoma,17624,92857,,,,0,,-17624,
Washington,to_Phoenix,US:Oklahoma,18389,123722,,,,0,,-18389,
Philadelphia,to_San_Antonio,US:Mississippi,9571,94853,,,,0,,-9571,
Baltimore,to_San_Antonio,US:Mississippi,9559,88244,,,,0,,-9559,
Atlanta,to_San_Antonio,US:Mississippi,5333,53002,,,,0,,-5333,
Charlotte,to_San_Antonio,US:Mississippi,5333,66485,,,,0,,-5333,
Washington,to_San_Antonio,US:Mississippi,9559,86643,,,,0,,-9559,
Orlando,to_San_Antonio,US:Mississippi,3882,62520,,,,0,,-3882,
Boston,to_San_Antonio,US:Mississippi,9941,112041,,,,0,,-9941,
Miami,to_San_Antonio,US:Mississippi,3472,73883,,,,0,,-3472,
New,York_to_San_Antonio,US:New Jersey,5719,102814,,,,0,,-5719,
Boston,to_Charlotte,US:Massachusetts,4110,49220,,,,0,,-4110,
New,York_to_Los_Angeles,US:New York,4093,151672,,,,0,,-4093,
Los,Angeles_to_Miami,US:Louisiana,11159,148243,,,,0,,-11159,
Chicago,to_Atlanta,US:Illinois,19321,40719,,,,0,,-19321,
Boston,to_Minneapolis,US:New York,7028,76672,,,,0,,-7028,
Washington,to_Phoenix,US:District of Columbia,613,123722,,,,0,,-613,
Los,Angeles_to_Boston,US:Missouri,15396,158854,,,,0,,-15396,
Los,Angeles_to_Denver,US:California,12031,53580,,,,0,,-12031,
Phoenix,to_Orlando,US:New Mexico,9594,118404,,,,0,,-9594,
San,Francisco_to_Detroit,US:Illinois,9516,132354,,,,0,,-9516,
Los,Angeles_to_Minneapolis,US:California,12031,100404,,,,0,,-12031,
New,York_to_Dallas,US:Texas,8787,88024,,,,0,,-8787,
Seattle,to_San_Antonio,US:Washington,14614,119604,,,,0,,-14614,
San,Diego_to_Baltimore,US:Maryland,8929,144492,,,,0,,-8929,
San,Francisco_to_Charlotte,US:New Mexico,16139,147305,,,,0,,-16139,
Minneapolis,to_Denver,US:Minnesota,6418,46634,,,,0,,-6418,
Los,Angeles_to_Philadelphia,US:Oklahoma,17931,144123,,,,0,,-17931,
New,York_to_Denver,US:Indiana,9235,101264,,,,0,,-9235,
Phoenix,to_Minneapolis,US:Kansas,19868,90847,,,,0,,-19868,
San,Diego_to_Orlando,US:Arizona,19654,136630,,,,0,,-19654,
San,Diego_to_Charlotte,US:New Mexico,13212,132415,,,,0,,-13212,
New,York_to_Los_Angeles,US:Pennsylvania,17616,151672,,,,0,,-17616,
Seattle,to_Austin,US:Washington,14614,121352,,,,0,,-14614,
Phoenix,to_Boston,US:Missouri,15396,141677,,,,0,,-15396,
Phoenix,to_Minneapolis,US:New Mexico,23856,90847,,,,0,,-23856,
Detroit,to_Orlando,US:West Virginia,13210,64496,,,,0,,-13210,
Los,Angeles_to_Austin,US:Texas,34443,73702,,,,0,,-34443,
Dallas,to_Atlanta,US:Louisiana,10680,42646,,,,0,,-10680,
Houston,to_Atlanta,US:Louisiana,12800,42806,,,,0,,-12800,
Washington,to_San_Diego,US:Tennessee,27724,147365,,,,0,,-27724,
Boston,to_Seattle,US:Indiana,9091,168749,,,,0,,-9091,
Washington,to_Seattle,US:Indiana,9091,153310,,,,0,,-9091,
Philadelphia,to_Seattle,US:Indiana,9091,155984,,,,0,,-9091,
Detroit,to_San_Antonio,US:Indiana,12388,77644,,,,0,,-12388,
San,Francisco_to_Minneapolis,US:California,13431,109324,,,,0,,-13431,
New,York_to_Philadelphia,US:Pennsylvania,1419,10852,,,,0,,-1419,
